Const,Your Rating,Date Rated,Title,Original Title,URL,Title Type,IMDb Rating,Runtime (mins),Year,Genres,Num Votes,Release Date,Directors
tt0363226,9,2026-08-15,"The Blind Swordsman: Zatoichi","Zatôichi",https://www.imdb.com/title/tt0363226,Movie,7.4,116,2003,"Action, Drama, Crime, Comedy, Thriller",53444,"2003-09-06","Takeshi Kitano"
tt0339579,7,2026-08-15,"Returner","Ritânâ",https://www.imdb.com/title/tt0339579,Movie,6.4,116,2002,"Sci-Fi, Adventure, Action",11903,"2002-08-31","Takashi Yamazaki"
tt0094625,9,2026-08-15,"Akira","Akira",https://www.imdb.com/title/tt0094625,Movie,8.0,124,1988,"Animation, Drama, Fantasy, Action, Sci-Fi",229928,"1988-07-16","Katsuhiro Ōtomo"
tt1615160,7,2026-08-15,"The Foreigner","The Foreigner",https://www.imdb.com/title/tt1615160,Movie,7.0,113,2017,"Thriller, Action, Crime",133363,"2017-10-13","Martin Campbell"
tt0290095,4,2026-08-15,"The Tuxedo","The Tuxedo",https://www.imdb.com/title/tt0290095,Movie,5.4,98,2002,"Sci-Fi, Comedy, Action",94337,"2002-09-27","Kevin Donovan"
tt0087538,6,2026-08-15,"The Karate Kid","The Karate Kid",https://www.imdb.com/title/tt0087538,Movie,7.4,126,1984,"Drama, Sport, Family, Action",273784,"1984-06-22","John G. Avildsen"
tt0091326,6,2026-08-15,"The Karate Kid Part II","The Karate Kid Part II",https://www.imdb.com/title/tt0091326,Movie,6.2,113,1986,"Sport, Family, Action",110725,"1986-06-20","John G. Avildsen"
tt0097647,5,2026-08-15,"The Karate Kid Part III","The Karate Kid Part III",https://www.imdb.com/title/tt0097647,Movie,5.4,112,1989,"Sport, Drama, Family, Action",78479,"1989-06-30","John G. Avildsen"
tt0119360,7,2026-08-15,"In & Out","In & Out",https://www.imdb.com/title/tt0119360,Movie,6.4,90,1997,"Romance, Comedy",46832,"1997-09-19","Frank Oz"
tt0120912,7,2026-08-15,"Men in Black II","Men in Black II",https://www.imdb.com/title/tt0120912,Movie,6.2,88,2002,"Adventure, Mystery, Sci-Fi, Comedy, Action",434912,"2002-07-03","Barry Sonnenfeld"
tt0120891,4,2026-08-15,"Wild Wild West","Wild Wild West",https://www.imdb.com/title/tt0120891,Movie,4.9,106,1999,"Sci-Fi, Comedy, Western, Action",174290,"1999-06-30","Barry Sonnenfeld"
tt0119654,8,2026-08-15,"Men in Black","Men in Black",https://www.imdb.com/title/tt0119654,Movie,7.3,98,1997,"Adventure, Action, Sci-Fi, Comedy",669486,"1997-07-02","Barry Sonnenfeld"
tt0116629,6,2026-08-15,"Independence Day","Independence Day",https://www.imdb.com/title/tt0116629,Movie,7.0,145,1996,"Adventure, Sci-Fi, Action",653262,"1996-07-03","Roland Emmerich"
tt0480249,5,2026-08-15,"I Am Legend","I Am Legend",https://www.imdb.com/title/tt0480249,Movie,7.2,101,2007,"Drama, Sci-Fi, Thriller, Horror",885470,"2007-12-14","Francis Lawrence"
tt1012804,6,2026-08-15,"Redbelt","Redbelt",https://www.imdb.com/title/tt1012804,Movie,6.7,99,2008,"Drama, Sport",22011,"2008-05-09","David Mamet"
tt0089393,8,2026-08-15,"Just One of the Guys","Just One of the Guys",https://www.imdb.com/title/tt0089393,Movie,6.5,100,1985,"Romance, Comedy",20435,"1985-04-26","Lisa Gottlieb"
tt0092513,8,2026-08-15,"Adventures in Babysitting","Adventures in Babysitting",https://www.imdb.com/title/tt0092513,Movie,7.0,102,1987,"Crime, Adventure, Romance, Comedy",54690,"1987-07-03","Chris Columbus"
tt0101757,7,2026-08-15,"Don't Tell Mom the Babysitter's Dead","Don't Tell Mom the Babysitter's Dead",https://www.imdb.com/title/tt0101757,Movie,6.4,102,1991,"Comedy",40674,"1991-06-07","Stephen Herek"
tt0095519,7,2026-08-15,"License to Drive","License to Drive",https://www.imdb.com/title/tt0095519,Movie,6.4,88,1988,"Comedy",24699,"1988-07-06","Greg Beeman"
tt0120685,5,2026-08-15,"Godzilla","Godzilla",https://www.imdb.com/title/tt0120685,Movie,5.5,139,1998,"Action, Sci-Fi, Thriller",214336,"1998-05-20","Roland Emmerich"
tt0252866,9,2026-08-15,"American Pie 2","American Pie 2",https://www.imdb.com/title/tt0252866,Movie,6.5,108,2001,"Comedy",288682,"2001-08-10","J.B. Rogers"
tt0328828,10,2026-08-15,"American Wedding","American Wedding",https://www.imdb.com/title/tt0328828,Movie,6.3,96,2003,"Comedy",230475,"2003-08-01","Jesse Dylan"
tt0436058,4,2026-08-15,"American Pie Presents: Band Camp","American Pie Presents: Band Camp",https://www.imdb.com/title/tt0436058,Video,5.0,87,2005,"Comedy",80208,"2005-12-26","Steve Rash"
tt0163651,8,2026-08-15,"American Pie","American Pie",https://www.imdb.com/title/tt0163651,Movie,7.0,95,1999,"Comedy",471764,"1999-07-09","Paul Weitz"
tt1408101,6,2026-08-15,"Star Trek Into Darkness","Star Trek Into Darkness",https://www.imdb.com/title/tt1408101,Movie,7.7,132,2013,"Action, Adventure, Sci-Fi",511879,"2013-05-16","J.J. Abrams"
tt2660888,4,2026-08-15,"Star Trek Beyond","Star Trek Beyond",https://www.imdb.com/title/tt2660888,Movie,7.0,122,2016,"Sci-Fi, Action, Adventure, Thriller",271334,"2016-07-22","Justin Lin"
tt0796366,5,2026-08-15,"Star Trek","Star Trek",https://www.imdb.com/title/tt0796366,Movie,7.9,127,2009,"Sci-Fi, Action, Adventure",640355,"2009-05-08","J.J. Abrams"
tt1213663,6,2026-08-15,"The World's End","The World's End",https://www.imdb.com/title/tt1213663,Movie,6.9,109,2013,"Comedy, Sci-Fi, Action",314471,"2013-08-23","Edgar Wright"
tt0425112,7,2026-08-15,"Hot Fuzz","Hot Fuzz",https://www.imdb.com/title/tt0425112,Movie,7.8,121,2007,"Comedy, Action, Mystery, Thriller",571216,"2007-04-20","Edgar Wright"
tt6513120,6,2026-08-15,"Fighting with My Family","Fighting with My Family",https://www.imdb.com/title/tt6513120,Movie,7.0,108,2019,"Comedy, Biography, Drama, Sport",93776,"2019-02-22","Stephen Merchant"
tt0119217,5,2026-08-15,"Good Will Hunting","Good Will Hunting",https://www.imdb.com/title/tt0119217,Movie,8.4,126,1997,"Romance, Drama",1235116,"1998-01-09","Gus Van Sant"
tt0146882,4,2026-08-15,"High Fidelity","High Fidelity",https://www.imdb.com/title/tt0146882,Movie,7.4,113,2000,"Music, Romance, Drama, Comedy",200488,"2000-03-31","Stephen Frears"
tt0181875,5,2026-08-15,"Almost Famous","Almost Famous",https://www.imdb.com/title/tt0181875,Movie,7.9,122,2000,"Music, Comedy, Adventure, Drama",316758,"2000-09-22","Cameron Crowe"
tt0113749,7,2026-08-15,"Mallrats","Mallrats",https://www.imdb.com/title/tt0113749,Movie,7.0,94,1995,"Romance, Comedy",134999,"1995-10-20","Kevin Smith"
tt0100405,10,2026-08-15,"Pretty Woman","Pretty Woman",https://www.imdb.com/title/tt0100405,Movie,7.1,119,1990,"Romance, Comedy",410215,"1990-03-23","Garry Marshall"
tt0117438,6,2026-08-15,"Ransom","Ransom",https://www.imdb.com/title/tt0117438,Movie,6.7,121,1996,"Crime, Action, Drama, Thriller",144988,"1996-11-08","Ron Howard"
tt0082694,8,2026-08-15,"The Road Warrior","Mad Max 2",https://www.imdb.com/title/tt0082694,Movie,7.6,96,1981,"Sci-Fi, Thriller, Adventure, Action",214579,"1982-05-21","George Miller"
tt0207201,6,2026-08-15,"What Women Want","What Women Want",https://www.imdb.com/title/tt0207201,Movie,6.5,127,2000,"Romance, Comedy, Fantasy",240082,"2000-12-15","Nancy Meyers"
tt0089530,5,2026-08-15,"Mad Max: Beyond Thunderdome","Mad Max Beyond Thunderdome",https://www.imdb.com/title/tt0089530,Movie,6.2,107,1985,"Adventure, Sci-Fi, Action",163207,"1985-07-10","George Miller,George Ogilvie"
tt0107818,8,2026-08-15,"Philadelphia","Philadelphia",https://www.imdb.com/title/tt0107818,Movie,7.7,125,1993,"Drama",276025,"1994-01-14","Jonathan Demme"
tt0145681,6,2026-08-15,"The Bone Collector","The Bone Collector",https://www.imdb.com/title/tt0145681,Movie,6.7,118,1999,"Crime, Drama, Thriller, Mystery",201973,"1999-11-05","Phillip Noyce"
tt0210945,8,2026-08-15,"Remember the Titans","Remember the Titans",https://www.imdb.com/title/tt0210945,Movie,7.8,113,2000,"Sport, Biography, Comedy, Drama",252113,"2000-09-29","Boaz Yakin"
tt0139654,9,2026-08-15,"Training Day","Training Day",https://www.imdb.com/title/tt0139654,Movie,7.8,122,2001,"Crime, Drama, Thriller",522886,"2001-10-05","Antoine Fuqua"
tt0368008,6,2026-08-15,"The Manchurian Candidate","The Manchurian Candidate",https://www.imdb.com/title/tt0368008,Movie,6.6,129,2004,"Thriller, Mystery, Drama, Sci-Fi",123571,"2004-07-30","Jonathan Demme"
tt0454848,8,2026-08-15,"Inside Man","Inside Man",https://www.imdb.com/title/tt0454848,Movie,7.6,129,2006,"Crime, Drama, Thriller, Mystery",427719,"2006-03-24","Spike Lee"
tt0107798,6,2026-08-15,"The Pelican Brief","The Pelican Brief",https://www.imdb.com/title/tt0107798,Movie,6.6,141,1993,"Crime, Drama, Mystery, Thriller",105001,"1993-12-17","Alan J. Pakula"
tt0120655,7,2026-08-15,"Dogma","Dogma",https://www.imdb.com/title/tt0120655,Movie,7.3,130,1999,"Fantasy, Adventure, Drama, Comedy",242181,"1999-11-12","Kevin Smith"
tt0338564,9,2026-08-15,"Infernal Affairs","Mou gaan dou",https://www.imdb.com/title/tt0338564,Movie,8.0,101,2002,"Thriller, Mystery, Drama, Crime",139030,"2002-12-12","Wai Keung Lau,Alan Mak"
tt0240772,6,2026-08-15,"Ocean's Eleven","Ocean's Eleven",https://www.imdb.com/title/tt0240772,Movie,7.7,116,2001,"Thriller, Crime",680204,"2001-12-07","Steven Soderbergh"
tt0071315,6,2026-08-15,"Chinatown","Chinatown",https://www.imdb.com/title/tt0071315,Movie,8.1,130,1974,"Drama, Thriller, Mystery",378946,"1974-06-20","Roman Polanski"
tt0099674,6,2026-08-15,"The Godfather Part III","The Godfather Part III",https://www.imdb.com/title/tt0099674,Movie,7.5,162,1990,"Crime, Drama",459080,"1990-12-25","Francis Ford Coppola"
tt0086250,7,2026-08-15,"Scarface","Scarface",https://www.imdb.com/title/tt0086250,Movie,8.3,170,1983,"Crime, Drama",1029280,"1983-12-09","Brian De Palma"
tt0090863,7,2026-08-15,"The Color of Money","The Color of Money",https://www.imdb.com/title/tt0090863,Movie,7.0,119,1986,"Sport, Drama",102278,"1986-10-17","Martin Scorsese"
tt0094889,6,2026-08-15,"Cocktail","Cocktail",https://www.imdb.com/title/tt0094889,Movie,6.0,104,1988,"Drama, Comedy, Romance",99050,"1988-07-29","Roger Donaldson"
tt0095953,8,2026-08-15,"Rain Man","Rain Man",https://www.imdb.com/title/tt0095953,Movie,8.0,133,1988,"Drama",588114,"1988-12-16","Barry Levinson"
tt0110148,8,2026-08-15,"Interview with the Vampire: The Vampire Chronicles","Interview with the Vampire: The Vampire Chronicles",https://www.imdb.com/title/tt0110148,Movie,7.5,123,1994,"Horror, Drama, Fantasy",379617,"1994-11-11","Neil Jordan"
tt0175880,5,2026-08-15,"Magnolia","Magnolia",https://www.imdb.com/title/tt0175880,Movie,8.0,188,1999,"Drama",352034,"2000-01-07","Paul Thomas Anderson"
tt0120755,5,2026-08-15,"Mission: Impossible II","Mission: Impossible II",https://www.imdb.com/title/tt0120755,Movie,6.1,123,2000,"Adventure, Thriller, Action",417020,"2000-05-24","John Woo"
tt0369339,8,2026-08-15,"Collateral","Collateral",https://www.imdb.com/title/tt0369339,Movie,7.5,120,2004,"Crime, Thriller, Action, Drama",472161,"2004-08-06","Michael Mann"
tt0985699,7,2026-08-15,"Valkyrie","Valkyrie",https://www.imdb.com/title/tt0985699,Movie,7.1,121,2008,"Thriller, War, Drama, History",276440,"2008-12-25","Bryan Singer"
tt1336608,4,2026-08-15,"Rock of Ages","Rock of Ages",https://www.imdb.com/title/tt1336608,Movie,5.9,123,2012,"Musical, Comedy, Drama, Romance",84949,"2012-06-15","Adam Shankman"
tt2381249,6,2026-08-15,"Mission: Impossible - Rogue Nation","Mission: Impossible - Rogue Nation",https://www.imdb.com/title/tt2381249,Movie,7.4,131,2015,"Action, Adventure, Thriller",448823,"2015-07-31","Christopher McQuarrie"
tt4912910,6,2026-08-15,"Mission: Impossible - Fallout","Mission: Impossible - Fallout",https://www.imdb.com/title/tt4912910,Movie,7.7,147,2018,"Action, Adventure, Thriller",423244,"2018-07-27","Christopher McQuarrie"
tt0115963,6,2026-08-15,"The Craft","The Craft",https://www.imdb.com/title/tt0115963,Movie,6.5,101,1996,"Fantasy, Drama, Thriller, Horror",120226,"1996-05-03","Andrew Fleming"
tt0095444,5,2026-08-15,"Killer Klowns from Outer Space","Killer Klowns from Outer Space",https://www.imdb.com/title/tt0095444,Movie,6.2,88,1988,"Comedy, Horror, Sci-Fi",53183,"1988-05-27","Stephen Chiodo"
tt0095088,8,2026-08-15,"Elvira: Mistress of the Dark","Elvira: Mistress of the Dark",https://www.imdb.com/title/tt0095088,Movie,6.6,96,1988,"Horror, Comedy",23305,"1988-09-30","James Signorelli"
tt0167404,7,2026-08-15,"The Sixth Sense","The Sixth Sense",https://www.imdb.com/title/tt0167404,Movie,8.2,107,1999,"Mystery, Drama, Thriller",1155676,"1999-08-06","M. Night Shyamalan"
tt0286106,8,2026-08-15,"Signs","Signs",https://www.imdb.com/title/tt0286106,Movie,6.8,106,2002,"Drama, Mystery, Sci-Fi, Thriller",417297,"2002-08-02","M. Night Shyamalan"
tt0368447,6,2026-08-15,"The Village","The Village",https://www.imdb.com/title/tt0368447,Movie,6.6,108,2004,"Thriller, Mystery, Drama",298444,"2004-07-30","M. Night Shyamalan"
tt0452637,4,2026-08-15,"Lady in the Water","Lady in the Water",https://www.imdb.com/title/tt0452637,Movie,5.5,110,2006,"Mystery, Fantasy, Drama, Thriller",108360,"2006-07-21","M. Night Shyamalan"
tt0949731,5,2026-08-15,"The Happening","The Happening",https://www.imdb.com/title/tt0949731,Movie,5.0,91,2008,"Sci-Fi, Thriller, Adventure, Drama",227726,"2008-06-13","M. Night Shyamalan"
tt1454468,6,2026-08-14,"Gravity","Gravity",https://www.imdb.com/title/tt1454468,Movie,7.7,91,2013,"Sci-Fi, Thriller, Drama",904500,"2013-10-04","Alfonso Cuarón"
tt0106697,8,2026-08-14,"Demolition Man","Demolition Man",https://www.imdb.com/title/tt0106697,Movie,6.7,115,1993,"Thriller, Sci-Fi, Action",210635,"1993-10-08","Marco Brambilla"
tt0111257,7,2026-08-14,"Speed","Speed",https://www.imdb.com/title/tt0111257,Movie,7.3,116,1994,"Adventure, Thriller, Action",425794,"1994-06-10","Jan de Bont"
tt0113481,7,2026-08-14,"Johnny Mnemonic","Johnny Mnemonic",https://www.imdb.com/title/tt0113481,Movie,5.6,96,1995,"Thriller, Drama, Sci-Fi, Action",81893,"1995-05-26","Robert Longo"
tt0360486,7,2026-08-14,"Constantine","Constantine",https://www.imdb.com/title/tt0360486,Movie,7.0,121,2005,"Fantasy, Horror, Action, Mystery",411759,"2005-02-18","Francis Lawrence"
tt0421073,5,2026-08-14,"Street Kings","Street Kings",https://www.imdb.com/title/tt0421073,Movie,6.8,109,2008,"Thriller, Crime, Action",129813,"2008-04-11","David Ayer"
tt1335975,5,2026-08-14,"47 Ronin","47 Ronin",https://www.imdb.com/title/tt1335975,Movie,6.2,128,2013,"Action, Fantasy, Drama",180688,"2013-12-25","Carl Rinsch"
tt0386676,5,2026-08-14,"The Office","The Office",https://www.imdb.com/title/tt0386676,TV Series,9.0,22,2005,"Comedy",844715,"2005-03-24",
tt1266020,7,2026-08-14,"Parks and Recreation","Parks and Recreation",https://www.imdb.com/title/tt1266020,TV Series,8.6,22,2009,"Comedy",318068,"2009-04-09",
tt2467372,5,2026-08-14,"Brooklyn Nine-Nine","Brooklyn Nine-Nine",https://www.imdb.com/title/tt2467372,TV Series,8.4,22,2013,"Comedy, Crime",421816,"2013-09-17",
tt1132626,4,2026-08-14,"Saw V","Saw V",https://www.imdb.com/title/tt1132626,Movie,5.8,92,2008,"Horror, Thriller",149615,"2008-10-24","David Hackl"
tt0890870,4,2026-08-14,"Saw IV","Saw IV",https://www.imdb.com/title/tt0890870,Movie,5.9,93,2007,"Horror, Mystery, Thriller",178178,"2007-10-26","Darren Lynn Bousman"
tt0489270,4,2026-08-14,"Saw III","Saw III",https://www.imdb.com/title/tt0489270,Movie,6.2,108,2006,"Horror, Mystery, Thriller",229965,"2006-10-27","Darren Lynn Bousman"
tt0432348,6,2026-08-14,"Saw II","Saw II",https://www.imdb.com/title/tt0432348,Movie,6.6,93,2005,"Horror, Mystery",299283,"2005-10-28","Darren Lynn Bousman"
tt0387564,9,2026-08-14,"Saw","Saw",https://www.imdb.com/title/tt0387564,Movie,7.6,103,2004,"Mystery, Horror, Thriller",515192,"2004-10-29","James Wan"
tt2527338,3,2026-08-14,"Star Wars: Episode IX - The Rise of Skywalker","Star Wars: Episode IX - The Rise of Skywalker",https://www.imdb.com/title/tt2527338,Movie,6.3,141,2019,"Sci-Fi, Action, Adventure, Fantasy",548666,"2019-12-20","J.J. Abrams"
tt2488496,5,2026-08-14,"Star Wars: Episode VII - The Force Awakens","Star Wars: Episode VII - The Force Awakens",https://www.imdb.com/title/tt2488496,Movie,7.7,138,2015,"Sci-Fi, Action, Adventure",1032919,"2015-12-18","J.J. Abrams"
tt0080684,8,2026-08-14,"Star Wars: Episode V - The Empire Strikes Back","Star Wars: Episode V - The Empire Strikes Back",https://www.imdb.com/title/tt0080684,Movie,8.7,124,1980,"Fantasy, Sci-Fi, Adventure",1518204,"1980-06-18","Irvin Kershner"
tt0086190,7,2026-08-14,"Star Wars: Episode VI - Return of the Jedi","Star Wars: Episode VI - Return of the Jedi",https://www.imdb.com/title/tt0086190,Movie,8.3,131,1983,"Action, Sci-Fi, Adventure, Fantasy",1220048,"1983-05-25","Richard Marquand"
tt5095030,6,2026-08-14,"Ant-Man and the Wasp","Ant-Man and the Wasp",https://www.imdb.com/title/tt5095030,Movie,7.0,118,2018,"Action, Adventure, Sci-Fi, Comedy",502889,"2018-07-06","Peyton Reed"
tt1981115,5,2026-08-14,"Thor: The Dark World","Thor: The Dark World",https://www.imdb.com/title/tt1981115,Movie,6.7,112,2013,"Action, Adventure, Fantasy, Sci-Fi",787229,"2013-11-08","Alan Taylor"
tt10648342,4,2026-08-14,"Thor: Love and Thunder","Thor: Love and Thunder",https://www.imdb.com/title/tt10648342,Movie,6.1,118,2022,"Adventure, Romance, Sci-Fi, Comedy, Action",470211,"2022-07-08","Taika Waititi"
tt1300854,4,2026-08-14,"Iron Man 3","Iron Man Three",https://www.imdb.com/title/tt1300854,Movie,7.1,130,2013,"Action, Adventure, Sci-Fi",978099,"2013-05-03","Shane Black"
tt1480684,7,2026-08-14,"The League","The League",https://www.imdb.com/title/tt1480684,TV Series,8.2,22,2009,"Comedy, Sport",54688,"2009-10-29",
tt1344204,7,2026-08-14,"Blue Mountain State","Blue Mountain State",https://www.imdb.com/title/tt1344204,TV Series,8.3,22,2010,"Comedy, Sport",64496,"2010-01-11",
tt0116126,9,2026-08-14,"Don't Be a Menace to South Central While Drinking Your Juice in the Hood","Don't Be a Menace to South Central While Drinking Your Juice in the Hood",https://www.imdb.com/title/tt0116126,Movie,6.6,89,1996,"Crime, Comedy",67765,"1996-01-12","Paris Barclay"
tt10313066,7,2026-08-14,"Stumptown","Stumptown",https://www.imdb.com/title/tt10313066,TV Series,7.5,44,2019,"Drama, Crime, Mystery",14544,"2019-09-25",
tt1587678,7,2026-08-14,"Happy Endings","Happy Endings",https://www.imdb.com/title/tt1587678,TV Series,7.8,22,2011,"Comedy, Romance",41768,"2011-04-13",
tt6048930,3,2026-08-14,"Naked","Naked",https://www.imdb.com/title/tt6048930,Movie,5.4,96,2017,"Comedy, Romance, Fantasy",23717,"2017-08-11","Michael Tiddes"
tt1046173,4,2026-08-14,"G.I. Joe: The Rise of Cobra","G.I. Joe: The Rise of Cobra",https://www.imdb.com/title/tt1046173,Movie,5.7,118,2009,"Action, Adventure, Sci-Fi, Thriller",222351,"2009-08-07","Stephen Sommers"
tt0430304,6,2026-08-14,"Little Man","Little Man",https://www.imdb.com/title/tt0430304,Movie,4.6,98,2006,"Comedy, Crime",66811,"2006-07-14","Keenen Ivory Wayans"
tt0257106,6,2026-08-14,"Scary Movie 2","Scary Movie 2",https://www.imdb.com/title/tt0257106,Movie,5.4,83,2001,"Horror, Comedy",199353,"2001-07-04","Keenen Ivory Wayans"
tt0175142,8,2026-08-14,"Scary Movie","Scary Movie",https://www.imdb.com/title/tt0175142,Movie,6.3,88,2000,"Comedy",333364,"2000-07-07","Keenen Ivory Wayans"
tt0120820,6,2026-08-14,"Senseless","Senseless",https://www.imdb.com/title/tt0120820,Movie,6.0,93,1998,"Romance, Comedy",17887,"1998-02-20","Penelope Spheeris"
tt0095348,6,2026-08-14,"I'm Gonna Git You Sucka","I'm Gonna Git You Sucka",https://www.imdb.com/title/tt0095348,Movie,6.6,88,1988,"Action, Crime, Comedy",16649,"1989-01-11","Keenen Ivory Wayans"
tt1082868,5,2026-08-14,"Quarantine","Quarantine",https://www.imdb.com/title/tt1082868,Movie,6.0,89,2008,"Thriller, Horror, Sci-Fi",84405,"2008-10-10","John Erick Dowdle"
tt0381707,10,2026-08-14,"White Chicks","White Chicks",https://www.imdb.com/title/tt0381707,Movie,6.0,109,2004,"Crime, Comedy",198612,"2004-06-23","Keenen Ivory Wayans"
tt14164730,6,2026-08-14,"Dexter: New Blood","Dexter: New Blood",https://www.imdb.com/title/tt14164730,TV Mini Series,8.0,60,2021,"Drama, Crime, Mystery",160143,"2021-11-07",
tt0773262,7,2026-08-14,"Dexter","Dexter",https://www.imdb.com/title/tt0773262,TV Series,8.6,60,2006,"Crime, Drama, Mystery, Thriller",949490,"2006-10-01",
tt1127180,7,2026-08-13,"Drag Me to Hell","Drag Me to Hell",https://www.imdb.com/title/tt1127180,Movie,6.6,99,2009,"Horror",232595,"2009-05-29","Sam Raimi"
tt0389722,7,2026-08-13,"30 Days of Night","30 Days of Night",https://www.imdb.com/title/tt0389722,Movie,6.6,113,2007,"Horror, Thriller",202656,"2007-10-19","David Slade"
tt0425210,7,2026-08-13,"Lucky Number Slevin","Lucky Number Slevin",https://www.imdb.com/title/tt0425210,Movie,7.7,110,2006,"Thriller, Crime, Drama",340630,"2006-04-07","Paul McGuigan"
tt0165598,6,2026-08-13,"That '70s Show","That '70s Show",https://www.imdb.com/title/tt0165598,TV Series,8.1,22,1998,"Romance, Drama, Comedy",199628,"1998-08-23",
tt0437745,7,2026-08-13,"Robot Chicken","Robot Chicken",https://www.imdb.com/title/tt0437745,TV Series,7.7,11,2005,"Animation, Short, Comedy, Sci-Fi, Adventure",49085,"2005-02-20",
tt0289879,8,2026-08-13,"The Butterfly Effect","The Butterfly Effect",https://www.imdb.com/title/tt0289879,Movie,7.6,113,2004,"Sci-Fi, Drama, Thriller",559139,"2004-01-23","Eric Bress,J. Mackye Gruber"
tt0343660,6,2026-08-13,"50 First Dates","50 First Dates",https://www.imdb.com/title/tt0343660,Movie,6.8,99,2004,"Drama, Romance, Comedy",419157,"2004-02-13","Peter Segal"
tt0212346,6,2026-08-13,"Miss Congeniality","Miss Congeniality",https://www.imdb.com/title/tt0212346,Movie,6.4,109,2000,"Crime, Action, Romance, Comedy",250819,"2000-12-22","Donald Petrie"
tt0146316,4,2026-08-13,"Lara Croft: Tomb Raider","Lara Croft: Tomb Raider",https://www.imdb.com/title/tt0146316,Movie,5.8,100,2001,"Thriller, Adventure, Fantasy, Action",231379,"2001-06-15","Simon West"
tt0305357,4,2026-08-13,"Charlie's Angels: Full Throttle","Charlie's Angels: Full Throttle",https://www.imdb.com/title/tt0305357,Movie,5.0,106,2003,"Crime, Adventure, Comedy, Action",138412,"2003-06-27","McG"
tt1216475,5,2026-08-13,"Cars 2","Cars 2",https://www.imdb.com/title/tt1216475,Movie,6.2,106,2011,"Animation, Comedy, Adventure, Family, Sport, Crime, Sci-Fi",262142,"2011-06-24","John Lasseter,Bradford Lewis"
tt1217209,5,2026-08-13,"Brave","Brave",https://www.imdb.com/title/tt1217209,Movie,7.1,93,2012,"Animation, Adventure, Fantasy, Family, Comedy, Drama, Mystery, Action",483923,"2012-06-22","Mark Andrews,Brenda Chapman,Steve Purcell"
tt0317219,6,2026-08-13,"Cars","Cars",https://www.imdb.com/title/tt0317219,Movie,7.3,116,2006,"Animation, Family, Sport, Comedy, Adventure",545348,"2006-06-09","John Lasseter,Joe Ranft"
tt1979376,6,2026-08-13,"Toy Story 4","Toy Story 4",https://www.imdb.com/title/tt1979376,Movie,7.6,100,2019,"Animation, Comedy, Fantasy, Family, Adventure",327002,"2019-06-21","Josh Cooley"
tt0120363,8,2026-08-13,"Toy Story 2","Toy Story 2",https://www.imdb.com/title/tt0120363,Movie,7.9,92,1999,"Animation, Adventure, Comedy, Family, Fantasy",681123,"1999-11-24","John Lasseter,Ash Brannon,Lee Unkrich"
tt2096673,5,2026-08-13,"Inside Out","Inside Out",https://www.imdb.com/title/tt2096673,Movie,8.1,95,2015,"Animation, Comedy, Family, Adventure, Drama, Fantasy",928469,"2015-06-19","Pete Docter,Ronnie Del Carmen"
tt0198781,6,2026-08-13,"Monsters, Inc.","Monsters, Inc.",https://www.imdb.com/title/tt0198781,Movie,8.1,92,2001,"Animation, Adventure, Comedy, Family, Fantasy",1087009,"2001-11-02","Pete Docter,David Silverman,Lee Unkrich"
tt0266543,6,2026-08-13,"Finding Nemo","Finding Nemo",https://www.imdb.com/title/tt0266543,Movie,8.2,100,2003,"Animation, Family, Comedy, Adventure",1220696,"2003-05-30","Andrew Stanton,Lee Unkrich"
tt0114709,8,2026-08-13,"Toy Story","Toy Story",https://www.imdb.com/title/tt0114709,Movie,8.3,81,1995,"Animation, Adventure, Comedy, Family, Fantasy",1193230,"1995-11-22","John Lasseter"
tt0120647,5,2026-08-13,"Deep Impact","Deep Impact",https://www.imdb.com/title/tt0120647,Movie,6.3,120,1998,"Drama, Action, Thriller, Sci-Fi",206825,"1998-05-08","Mimi Leder"
tt0120623,9,2026-08-13,"A Bug's Life","A Bug's Life",https://www.imdb.com/title/tt0120623,Movie,7.2,95,1998,"Animation, Adventure, Comedy, Family",340209,"1998-11-25","John Lasseter,Andrew Stanton"
tt0160127,5,2026-08-12,"Charlie's Angels","Charlie's Angels",https://www.imdb.com/title/tt0160127,Movie,5.7,98,2000,"Adventure, Crime, Thriller, Comedy, Action",207583,"2000-11-03","McG"
tt0298148,7,2026-08-12,"Shrek 2","Shrek 2",https://www.imdb.com/title/tt0298148,Movie,7.4,93,2004,"Animation, Romance, Comedy, Family, Adventure, Fantasy",561449,"2004-05-19","Andrew Adamson,Kelly Asbury,Conrad Vernon"
tt0126029,8,2026-08-12,"Shrek","Shrek",https://www.imdb.com/title/tt0126029,Movie,7.9,90,2001,"Animation, Fantasy, Comedy, Family, Adventure, Romance",818484,"2001-05-18","Andrew Adamson,Vicky Jenson"
tt0253867,5,2026-08-12,"The Sweetest Thing","The Sweetest Thing",https://www.imdb.com/title/tt0253867,Movie,5.2,84,2002,"Romance, Comedy",66581,"2002-04-12","Roger Kumble"
tt0217505,5,2026-08-12,"Gangs of New York","Gangs of New York",https://www.imdb.com/title/tt0217505,Movie,7.5,167,2002,"Crime, Drama",509122,"2002-12-20","Martin Scorsese"
tt0110475,8,2026-08-12,"The Mask","The Mask",https://www.imdb.com/title/tt0110475,Movie,7.0,101,1994,"Crime, Comedy, Fantasy",475237,"1994-07-29","Chuck Russell"
tt2096672,4,2026-08-12,"Dumb and Dumber To","Dumb and Dumber To",https://www.imdb.com/title/tt2096672,Movie,5.6,109,2014,"Comedy",154742,"2014-11-14","Bobby Farrelly,Peter Farrelly"
tt1650554,5,2026-08-12,"Kick-Ass 2","Kick-Ass 2",https://www.imdb.com/title/tt1650554,Movie,6.5,103,2013,"Action, Comedy, Crime, Thriller, Drama",301420,"2013-08-16","Jeff Wadlow"
tt1068680,6,2026-08-12,"Yes Man","Yes Man",https://www.imdb.com/title/tt1068680,Movie,6.8,104,2008,"Comedy, Romance",407429,"2008-12-19","Peyton Reed"
tt0338013,9,2026-08-12,"Eternal Sunshine of the Spotless Mind","Eternal Sunshine of the Spotless Mind",https://www.imdb.com/title/tt0338013,Movie,8.3,108,2004,"Drama, Sci-Fi, Romance",1192017,"2004-03-19","Michel Gondry"
tt0315327,6,2026-08-12,"Bruce Almighty","Bruce Almighty",https://www.imdb.com/title/tt0315327,Movie,6.8,101,2003,"Fantasy, Comedy",474188,"2003-05-23","Tom Shadyac"
tt0119528,6,2026-08-12,"Liar Liar","Liar Liar",https://www.imdb.com/title/tt0119528,Movie,6.9,86,1997,"Fantasy, Comedy",365496,"1997-03-21","Tom Shadyac"
tt0112281,8,2026-08-12,"Ace Ventura: When Nature Calls","Ace Ventura: When Nature Calls",https://www.imdb.com/title/tt0112281,Movie,6.4,90,1995,"Adventure, Crime, Comedy",250878,"1995-11-10","Steve Oedekerk"
tt0112462,4,2026-08-12,"Batman Forever","Batman Forever",https://www.imdb.com/title/tt0112462,Movie,5.5,121,1995,"Action, Adventure",284174,"1995-06-16","Joel Schumacher"
tt0109686,7,2026-08-12,"Dumb and Dumber","Dumb and Dumber",https://www.imdb.com/title/tt0109686,Movie,7.3,107,1994,"Comedy",446414,"1994-12-16","Peter Farrelly"
tt0115798,8,2026-08-12,"The Cable Guy","The Cable Guy",https://www.imdb.com/title/tt0115798,Movie,6.2,96,1996,"Comedy, Thriller, Drama",190899,"1996-06-14","Ben Stiller"
tt0359950,5,2026-08-12,"The Secret Life of Walter Mitty","The Secret Life of Walter Mitty",https://www.imdb.com/title/tt0359950,Movie,7.3,114,2013,"Drama, Fantasy, Romance, Adventure, Comedy",375792,"2013-12-25","Ben Stiller"
tt0230030,7,2026-08-12,"Bedazzled","Bedazzled",https://www.imdb.com/title/tt0230030,Movie,6.1,93,2000,"Comedy, Fantasy",120007,"2000-10-20","Harold Ramis"
tt0384793,6,2026-08-12,"Accepted","Accepted",https://www.imdb.com/title/tt0384793,Movie,6.4,93,2006,"Comedy",149181,"2006-08-18","Steve Pink"
tt0389860,8,2026-08-12,"Click","Click",https://www.imdb.com/title/tt0389860,Movie,6.5,107,2006,"Comedy, Drama, Romance, Fantasy",391258,"2006-06-23","Frank Coraci"
tt0405422,6,2026-08-12,"The 40-Year-Old Virgin","The 40 Year Old Virgin",https://www.imdb.com/title/tt0405422,Movie,7.1,116,2005,"Comedy, Romance",506227,"2005-08-19","Judd Apatow"
tt1245492,5,2026-08-12,"This Is the End","This Is the End",https://www.imdb.com/title/tt1245492,Movie,6.6,107,2013,"Comedy, Fantasy, Sci-Fi, Thriller, Adventure",458123,"2013-06-12","Evan Goldberg,Seth Rogen"
tt1646971,5,2026-08-12,"How to Train Your Dragon 2","How to Train Your Dragon 2",https://www.imdb.com/title/tt1646971,Movie,7.8,102,2014,"Animation, Fantasy, Adventure, Action, Family, Comedy",405893,"2014-06-13","Dean DeBlois"
tt0942385,8,2026-08-12,"Tropic Thunder","Tropic Thunder",https://www.imdb.com/title/tt0942385,Movie,7.1,107,2008,"Comedy, Action, War",495534,"2008-08-13","Ben Stiller"
tt1234721,5,2026-08-12,"RoboCop","RoboCop",https://www.imdb.com/title/tt1234721,Movie,6.1,117,2014,"Action, Sci-Fi, Thriller, Crime",250089,"2014-02-12","José Padilha"
tt3606756,5,2026-08-12,"Incredibles 2","Incredibles 2",https://www.imdb.com/title/tt3606756,Movie,7.5,118,2018,"Animation, Action, Adventure, Family, Sci-Fi, Comedy, Thriller",376006,"2018-06-15","Brad Bird"
tt0090190,7,2026-08-12,"The Toxic Avenger","The Toxic Avenger",https://www.imdb.com/title/tt0090190,Movie,6.2,82,1984,"Sci-Fi, Action, Horror, Comedy",36254,"1985-11","Michael Herz,Lloyd Kaufman"
tt0417148,4,2026-08-12,"Snakes on a Plane","Snakes on a Plane",https://www.imdb.com/title/tt0417148,Movie,5.5,105,2006,"Thriller, Action, Crime, Adventure",150303,"2006-08-18","David R. Ellis"
tt0317705,6,2026-08-12,"The Incredibles","The Incredibles",https://www.imdb.com/title/tt0317705,Movie,8.0,115,2004,"Animation, Action, Adventure, Family",912806,"2004-11-05","Brad Bird"
tt3460252,6,2026-08-12,"The Hateful Eight","The Hateful Eight",https://www.imdb.com/title/tt3460252,Movie,7.8,168,2015,"Western, Drama, Thriller, Mystery, Crime",728348,"2015-12-30","Quentin Tarantino"
tt1345836,5,2026-08-11,"The Dark Knight Rises","The Dark Knight Rises",https://www.imdb.com/title/tt1345836,Movie,8.4,164,2012,"Thriller, Crime",2019073,"2012-07-20","Christopher Nolan"
tt0278504,6,2026-08-11,"Insomnia","Insomnia",https://www.imdb.com/title/tt0278504,Movie,7.2,118,2002,"Mystery, Drama, Thriller",349686,"2002-05-24","Christopher Nolan"
tt0372784,7,2026-08-11,"Batman Begins","Batman Begins",https://www.imdb.com/title/tt0372784,Movie,8.2,140,2005,"Crime",1736397,"2005-06-15","Christopher Nolan"
tt1375666,9,2026-08-11,"Inception","Inception",https://www.imdb.com/title/tt1375666,Movie,8.8,148,2010,"Sci-Fi, Thriller, Adventure",2854699,"2010-07-16","Christopher Nolan"
tt0100758,7,2026-08-11,"Teenage Mutant Ninja Turtles","Teenage Mutant Ninja Turtles",https://www.imdb.com/title/tt0100758,Movie,6.8,93,1990,"Comedy, Sci-Fi, Adventure, Family, Action",113348,"1990-03-30","Steve Barron"
tt0103060,8,2026-08-11,"Teenage Mutant Ninja Turtles II: The Secret of the Ooze","Teenage Mutant Ninja Turtles II: The Secret of the Ooze",https://www.imdb.com/title/tt0103060,Movie,6.1,88,1991,"Comedy, Sci-Fi, Adventure, Family, Action",65077,"1991-03-22","Michael Pressman"
tt0108308,5,2026-08-11,"Teenage Mutant Ninja Turtles III","Teenage Mutant Ninja Turtles III",https://www.imdb.com/title/tt0108308,Movie,4.8,96,1993,"Adventure, Comedy, Fantasy, Sci-Fi, Family, Action",39010,"1993-03-19","Stuart Gillard"
tt1291150,6,2026-08-11,"Teenage Mutant Ninja Turtles","Teenage Mutant Ninja Turtles",https://www.imdb.com/title/tt1291150,Movie,5.8,101,2014,"Adventure, Comedy, Sci-Fi, Action, Crime, Fantasy, Family",231489,"2014-08-08","Jonathan Liebesman"
tt0264395,6,2026-08-11,"Basic","Basic",https://www.imdb.com/title/tt0264395,Movie,6.4,98,2003,"Mystery, Crime, Drama, Thriller",70009,"2003-03-28","John McTiernan"
tt0440803,8,2026-08-09,"Shutter","Shutter",https://www.imdb.com/title/tt0440803,Movie,7.0,97,2004,"Horror, Mystery, Thriller",54342,"2004-09-09","Banjong Pisanthanakun,Parkpoom Wongpoom"
tt0073195,7,2026-08-04,"Jaws","Jaws",https://www.imdb.com/title/tt0073195,Movie,8.1,124,1975,"Adventure, Horror, Drama, Thriller",746913,"1975-06-20","Steven Spielberg"
tt0408306,7,2026-08-04,"Munich","Munich",https://www.imdb.com/title/tt0408306,Movie,7.5,164,2005,"Drama, Thriller, History",255063,"2006-01-06","Steven Spielberg"
tt0362227,9,2026-08-04,"The Terminal","The Terminal",https://www.imdb.com/title/tt0362227,Movie,7.4,128,2004,"Drama, Comedy, Romance",540174,"2004-06-18","Steven Spielberg"
tt0407304,6,2026-08-04,"War of the Worlds","War of the Worlds",https://www.imdb.com/title/tt0407304,Movie,6.6,117,2005,"Sci-Fi, Adventure, Action",511697,"2005-06-29","Steven Spielberg"
tt0212720,8,2026-08-04,"A.I. Artificial Intelligence","A.I. Artificial Intelligence",https://www.imdb.com/title/tt0212720,Movie,7.2,146,2001,"Drama, Adventure, Sci-Fi",341825,"2001-06-29","Steven Spielberg"
tt0083866,7,2026-08-04,"E.T. the Extra-Terrestrial","E.T. the Extra-Terrestrial",https://www.imdb.com/title/tt0083866,Movie,7.9,115,1982,"Adventure, Sci-Fi, Family",475271,"1982-06-11","Steven Spielberg"
tt0108052,7,2026-08-04,"Schindler's List","Schindler's List",https://www.imdb.com/title/tt0108052,Movie,9.0,196,1993,"Biography, History, Drama",1597620,"1994-02-04","Steven Spielberg"
tt22084616,8,2026-08-04,"Spider-Man: Brand New Day","Spider-Man: Brand New Day",https://www.imdb.com/title/tt22084616,Movie,8.1,145,2026,"Adventure, Sci-Fi, Action",216390,"2026-07-31","Destin Daniel Cretton"
tt0089461,8,2026-08-02,"The Last Dragon","The Last Dragon",https://www.imdb.com/title/tt0089461,Movie,6.8,109,1985,"Comedy, Music, Drama, Action",18383,"1985-03-22","Michael Schultz"
tt0377092,7,2026-08-02,"Mean Girls","Mean Girls",https://www.imdb.com/title/tt0377092,Movie,7.1,97,2004,"Comedy",490985,"2004-04-30","Mark Waters"
tt0102685,7,2026-08-02,"Point Break","Point Break",https://www.imdb.com/title/tt0102685,Movie,7.3,122,1991,"Thriller, Crime, Action",228274,"1991-07-12","Kathryn Bigelow"
tt0367975,7,2026-08-01,"Lisbela and the Prisoner","Lisbela e o Prisioneiro",https://www.imdb.com/title/tt0367975,Movie,7.6,106,2003,"Comedy, Romance",8074,"2003-08-22","Guel Arraes,Ligia Feliciano"
tt0120382,8,2026-08-01,"The Truman Show","The Truman Show",https://www.imdb.com/title/tt0120382,Movie,8.2,103,1998,"Comedy, Drama",1397017,"1998-06-05","Peter Weir"
tt0097027,8,2026-08-01,"Casualties of War","Casualties of War",https://www.imdb.com/title/tt0097027,Movie,7.1,113,1989,"Crime, Action, Drama, War",52188,"1989-08-18","Brian De Palma"
tt0199753,5,2026-08-01,"Red Planet","Red Planet",https://www.imdb.com/title/tt0199753,Movie,5.7,106,2000,"Sci-Fi, Thriller, Action",62697,"2000-11-10","Antony Hoffman"
tt0094226,6,2026-08-01,"The Untouchables","The Untouchables",https://www.imdb.com/title/tt0094226,Movie,7.8,119,1987,"Thriller, Drama, Crime",355852,"1987-06-03","Brian De Palma"
tt0106519,7,2026-08-01,"Carlito's Way","Carlito's Way",https://www.imdb.com/title/tt0106519,Movie,7.9,144,1993,"Crime, Thriller, Drama",249893,"1993-11-12","Brian De Palma"
tt0117060,8,2026-08-01,"Mission: Impossible","Mission: Impossible",https://www.imdb.com/title/tt0117060,Movie,7.2,110,1996,"Thriller, Adventure, Action",521679,"1996-05-22","Brian De Palma"
tt0120832,5,2026-08-01,"Snake Eyes","Snake Eyes",https://www.imdb.com/title/tt0120832,Movie,6.2,98,1998,"Crime, Thriller, Mystery",93963,"1998-08-07","Brian De Palma"
tt0092005,8,2026-08-01,"Stand by Me","Stand by Me",https://www.imdb.com/title/tt0092005,Movie,8.1,89,1986,"Drama, Adventure",492570,"1986-08-22","Rob Reiner"
tt0183523,6,2026-08-01,"Mission to Mars","Mission to Mars",https://www.imdb.com/title/tt0183523,Movie,5.7,114,2000,"Adventure, Sci-Fi, Thriller",80055,"2000-03-10","Brian De Palma"
tt0116707,7,2026-08-01,"Joe's Apartment","Joe's Apartment",https://www.imdb.com/title/tt0116707,Movie,5.6,80,1996,"Musical, Fantasy, Sci-Fi, Comedy",15584,"1996-07-26","John Payson"
tt0117571,6,2026-08-01,"Scream","Scream",https://www.imdb.com/title/tt0117571,Movie,7.4,111,1996,"Mystery, Horror",451379,"1996-12-20","Wes Craven"
tt0120082,6,2026-08-01,"Scream 2","Scream 2",https://www.imdb.com/title/tt0120082,Movie,6.4,120,1997,"Mystery, Horror",239317,"1997-12-12","Wes Craven"
tt0107362,10,2026-08-01,"Last Action Hero","Last Action Hero",https://www.imdb.com/title/tt0107362,Movie,6.5,130,1993,"Fantasy, Comedy, Adventure, Action",174524,"1993-06-18","John McTiernan"
tt0113492,7,2026-08-01,"Judge Dredd","Judge Dredd",https://www.imdb.com/title/tt0113492,Movie,5.6,96,1995,"Thriller, Sci-Fi, Crime, Action",132799,"1995-06-30","Danny Cannon"
tt0120903,7,2026-08-01,"X-Men","X-Men",https://www.imdb.com/title/tt0120903,Movie,7.3,104,2000,"Adventure, Sci-Fi, Action",698371,"2000-07-14","Bryan Singer"
tt0244244,5,2026-08-01,"Swordfish","Swordfish",https://www.imdb.com/title/tt0244244,Movie,6.5,99,2001,"Crime, Thriller, Action",204270,"2001-06-08","Dominic Sena"
tt1430132,6,2026-08-01,"The Wolverine","The Wolverine",https://www.imdb.com/title/tt1430132,Movie,6.7,126,2013,"Action, Sci-Fi, Thriller",527828,"2013-07-26","James Mangold"
tt0290334,8,2026-08-01,"X2: X-Men United","X2",https://www.imdb.com/title/tt0290334,Movie,7.4,134,2003,"Sci-Fi, Thriller, Action",615549,"2003-05-02","Bryan Singer"
tt0120660,7,2026-08-01,"Enemy of the State","Enemy of the State",https://www.imdb.com/title/tt0120660,Movie,7.3,132,1998,"Action, Thriller",276356,"1998-11-20","Tony Scott"
tt0093773,10,2026-08-01,"Predator","Predator",https://www.imdb.com/title/tt0093773,Movie,7.8,107,1987,"Horror, Adventure, Sci-Fi, Action",504975,"1987-06-12","John McTiernan"
tt0100802,8,2026-08-01,"Total Recall","Total Recall",https://www.imdb.com/title/tt0100802,Movie,7.5,113,1990,"Adventure, Sci-Fi, Action",383903,"1990-06-01","Paul Verhoeven"
tt0116705,7,2026-08-01,"Jingle All the Way","Jingle All the Way",https://www.imdb.com/title/tt0116705,Movie,5.8,89,1996,"Adventure, Comedy, Family",130834,"1996-11-22","Brian Levant"
tt0146675,5,2026-08-01,"End of Days","End of Days",https://www.imdb.com/title/tt0146675,Movie,5.8,122,1999,"Horror, Thriller, Fantasy, Action",123434,"1999-11-24","Peter Hyams"
tt0216216,6,2026-08-01,"The 6th Day","The 6th Day",https://www.imdb.com/title/tt0216216,Movie,6.0,123,2000,"Mystery, Sci-Fi, Thriller, Action",134650,"2000-11-17","Roger Spottiswoode"
tt0181852,5,2026-08-01,"Terminator 3: Rise of the Machines","Terminator 3: Rise of the Machines",https://www.imdb.com/title/tt0181852,Movie,6.3,109,2003,"Sci-Fi, Action",439525,"2003-07-02","Jonathan Mostow"
tt0458525,6,2026-08-01,"X-Men Origins: Wolverine","X-Men Origins: Wolverine",https://www.imdb.com/title/tt0458525,Movie,6.5,107,2009,"Action, Sci-Fi",572442,"2009-05-01","Gavin Hood"
tt0134084,3,2026-08-01,"Scream 3","Scream 3",https://www.imdb.com/title/tt0134084,Movie,5.7,116,2000,"Mystery, Horror",187561,"2000-02-04","Wes Craven"
tt0327554,2,2026-08-01,"Catwoman","Catwoman",https://www.imdb.com/title/tt0327554,Movie,3.5,104,2004,"Crime, Fantasy, Action",133233,"2004-07-23","Pitof"
tt0102057,7,2026-08-01,"Hook","Hook",https://www.imdb.com/title/tt0102057,Movie,6.8,142,1991,"Comedy, Adventure, Family, Fantasy",293871,"1991-12-11","Steven Spielberg"
tt0441773,6,2026-08-01,"Kung Fu Panda","Kung Fu Panda",https://www.imdb.com/title/tt0441773,Movie,7.6,92,2008,"Animation, Comedy, Action, Adventure, Family, Fantasy",587715,"2008-06-06","Mark Osborne,John Stevenson"
tt0094072,7,2026-08-01,"Summer School","Summer School",https://www.imdb.com/title/tt0094072,Movie,6.6,97,1987,"Romance, Comedy",24276,"1987-07-22","Carl Reiner"
tt0120184,7,2026-08-01,"Sphere","Sphere",https://www.imdb.com/title/tt0120184,Movie,6.1,134,1998,"Mystery, Sci-Fi, Thriller",117998,"1998-02-13","Barry Levinson"
tt0086960,9,2026-08-01,"Beverly Hills Cop","Beverly Hills Cop",https://www.imdb.com/title/tt0086960,Movie,7.4,105,1984,"Crime, Thriller, Comedy, Action",233940,"1984-12-05","Martin Brest"
tt0111503,6,2026-08-01,"True Lies","True Lies",https://www.imdb.com/title/tt0111503,Movie,7.3,141,1994,"Thriller, Comedy, Action",302608,"1994-07-15","James Cameron"
tt0096754,8,2026-08-01,"The Abyss","The Abyss",https://www.imdb.com/title/tt0096754,Movie,7.5,140,1989,"Drama, Mystery, Sci-Fi, Thriller, Adventure",210087,"1989-08-09","James Cameron"
tt0090605,7,2026-08-01,"Aliens","Aliens",https://www.imdb.com/title/tt0090605,Movie,8.4,137,1986,"Thriller, Action, Horror, Sci-Fi, Adventure",845630,"1986-07-18","James Cameron"
tt0102266,6,2026-08-01,"The Last Boy Scout","The Last Boy Scout",https://www.imdb.com/title/tt0102266,Movie,7.0,105,1991,"Thriller, Action, Comedy, Crime",121647,"1991-12-13","Tony Scott"
tt0092644,8,2026-08-01,"Beverly Hills Cop II","Beverly Hills Cop II",https://www.imdb.com/title/tt0092644,Movie,6.6,103,1987,"Crime, Thriller, Comedy, Action",147942,"1987-05-20","Tony Scott"
tt0421054,5,2026-08-01,"Domino","Domino",https://www.imdb.com/title/tt0421054,Movie,5.9,127,2005,"Thriller, Drama, Crime, Action, Biography",71702,"2005-10-14","Tony Scott"
tt0112740,7,2026-08-01,"Crimson Tide","Crimson Tide",https://www.imdb.com/title/tt0112740,Movie,7.4,116,1995,"Action, War, Drama, Thriller",137641,"1995-05-12","Tony Scott"
tt0119396,5,2026-08-01,"Jackie Brown","Jackie Brown",https://www.imdb.com/title/tt0119396,Movie,7.5,154,1997,"Drama, Crime, Thriller",407169,"1997-12-25","Quentin Tarantino"
tt0108399,6,2026-08-01,"True Romance","True Romance",https://www.imdb.com/title/tt0108399,Movie,7.9,119,1993,"Thriller, Drama, Crime, Romance",262713,"1993-09-10","Tony Scott"
tt0443706,6,2026-08-01,"Zodiac","Zodiac",https://www.imdb.com/title/tt0443706,Movie,7.7,157,2007,"Drama, Thriller, Crime, Mystery",683780,"2007-03-02","David Fincher"
tt1028528,6,2026-08-01,"Death Proof","Death Proof",https://www.imdb.com/title/tt1028528,Movie,7.0,127,2007,"Thriller, Drama",336099,"2007-05-31","Quentin Tarantino"
tt0861689,7,2026-08-01,"Blindness","Blindness",https://www.imdb.com/title/tt0861689,Movie,6.5,121,2008,"Drama, Thriller, Mystery",77395,"2008-10-03","Fernando Meirelles"
tt0427340,6,2026-07-26,"Masters of the Universe","Masters of the Universe",https://www.imdb.com/title/tt0427340,Movie,6.5,140,2026,"Action, Adventure, Fantasy, Sci-Fi",105253,"2026-06-05","Travis Knight"
tt0460637,7,2026-07-26,"Everybody Hates Chris","Everybody Hates Chris",https://www.imdb.com/title/tt0460637,TV Series,7.6,22,2005,"Comedy, Drama, Music, Family",46541,"2005-09-22",
tt8679236,6,2026-07-25,"Who Is America?","Who Is America?",https://www.imdb.com/title/tt8679236,TV Series,8.2,30,2018,"Comedy",21622,"2018-07-15",
tt0094138,9,2026-07-25,"Three O'Clock High","Three O'Clock High",https://www.imdb.com/title/tt0094138,Movie,7.1,101,1987,"Comedy",14520,"1987-10-09","Phil Joanou"
tt2268458,8,2026-07-25,"These Final Hours","These Final Hours",https://www.imdb.com/title/tt2268458,Movie,6.6,87,2013,"Drama, Thriller, Sci-Fi",20476,"2014-07-31","Zak Hilditch"
tt0238380,8,2026-07-25,"Equilibrium","Equilibrium",https://www.imdb.com/title/tt0238380,Movie,7.3,107,2002,"Drama, Sci-Fi, Thriller, Action",364184,"2002-12-06","Kurt Wimmer"
tt0277371,8,2026-07-25,"Not Another Teen Movie","Not Another Teen Movie",https://www.imdb.com/title/tt0277371,Movie,5.8,89,2001,"Romance, Comedy",128055,"2001-12-14","Joel Gallen"
tt0387808,8,2026-07-25,"Idiocracy","Idiocracy",https://www.imdb.com/title/tt0387808,Movie,6.5,84,2006,"Adventure, Comedy, Sci-Fi, Thriller",220108,"2007-01-25","Mike Judge"
tt5580266,7,2026-07-25,"The Hate U Give","The Hate U Give",https://www.imdb.com/title/tt5580266,Movie,7.5,133,2018,"Drama, Crime",44039,"2018-10-19","George Tillman Jr."
tt0130827,9,2026-07-25,"Run Lola Run","Lola rennt",https://www.imdb.com/title/tt0130827,Movie,7.6,80,1998,"Crime, Thriller, Action",217804,"1999-06-18","Tom Tykwer"
tt0451279,6,2026-07-25,"Wonder Woman","Wonder Woman",https://www.imdb.com/title/tt0451279,Movie,7.3,141,2017,"Action, Adventure, Fantasy, Sci-Fi, War",739574,"2017-06-02","Patty Jenkins"
tt0800080,9,2026-07-25,"The Incredible Hulk","The Incredible Hulk",https://www.imdb.com/title/tt0800080,Movie,6.6,112,2008,"Action, Sci-Fi",573181,"2008-06-13","Louis Leterrier"
tt0884328,9,2026-07-25,"The Mist","The Mist",https://www.imdb.com/title/tt0884328,Movie,7.1,126,2007,"Horror, Sci-Fi, Thriller",378679,"2007-11-21","Frank Darabont"
tt0325710,7,2026-07-25,"The Last Samurai","The Last Samurai",https://www.imdb.com/title/tt0325710,Movie,7.8,154,2003,"Drama, Action",508023,"2003-12-05","Edward Zwick"
tt5180504,6,2026-07-25,"The Witcher","The Witcher",https://www.imdb.com/title/tt5180504,TV Series,7.8,60,2019,"Adventure, Fantasy, Mystery, Action, Drama",623463,"2019-12-20",
tt0993846,7,2026-07-25,"The Wolf of Wall Street","The Wolf of Wall Street",https://www.imdb.com/title/tt0993846,Movie,8.2,180,2013,"Crime, Drama, Biography, Comedy",1816009,"2013-12-25","Martin Scorsese"
tt0765429,8,2026-07-25,"American Gangster","American Gangster",https://www.imdb.com/title/tt0765429,Movie,7.8,157,2007,"Drama, Crime, Biography",491621,"2007-11-02","Ridley Scott"
tt0482571,8,2026-07-25,"The Prestige","The Prestige",https://www.imdb.com/title/tt0482571,Movie,8.5,130,2006,"Drama, Thriller, Mystery, Sci-Fi",1615645,"2006-10-20","Christopher Nolan"
tt0816692,8,2026-07-25,"Interstellar","Interstellar",https://www.imdb.com/title/tt0816692,Movie,8.7,169,2014,"Sci-Fi, Adventure, Drama",2587591,"2014-11-07","Christopher Nolan"
tt1213574,8,2026-07-25,"Chris Rock: Kill the Messenger - London, New York, Johannesburg","Chris Rock: Kill the Messenger - London, New York, Johannesburg",https://www.imdb.com/title/tt1213574,TV Special,7.6,79,2008,"Documentary, Comedy",4672,"2008-09-27","Marty Callner"
tt1825683,9,2026-07-25,"Black Panther","Black Panther",https://www.imdb.com/title/tt1825683,Movie,7.3,134,2018,"Action, Adventure, Sci-Fi",921170,"2018-02-16","Ryan Coogler"
tt1675434,9,2026-07-25,"The Intouchables","Intouchables",https://www.imdb.com/title/tt1675434,Movie,8.5,112,2011,"Comedy, Drama",1037911,"2011-11-02","Olivier Nakache,Éric Toledano"
tt1439629,9,2026-07-25,"Community","Community",https://www.imdb.com/title/tt1439629,TV Series,8.5,22,2009,"Comedy",313436,"2009-09-17",
tt2861424,8,2026-07-25,"Rick and Morty","Rick and Morty",https://www.imdb.com/title/tt2861424,TV Series,9.0,23,2013,"Animation, Adventure, Comedy, Sci-Fi",707574,"2013-12-02",
tt0388944,5,2026-07-25,"Final Fantasy XII","Fainaru fantajî XII",https://www.imdb.com/title/tt0388944,Video Game,8.1,,2006,"Action, Adventure, Sci-Fi, Fantasy",4290,"2006-10-31","Hiroshi Minagawa,Hiroyuki Itô"
tt1353038,6,2026-07-25,"Street Fighter IV","Street Fighter IV",https://www.imdb.com/title/tt1353038,Video Game,7.4,,2008,"Action, Sci-Fi, Fantasy",1565,"2009-02-17","Taliesin Jaffe,Takashi Tsukamoto,Tomio Yamauchi,Ryôsuke Naya"
tt3103432,8,2026-07-25,"Street Fighter V","Street Fighter V",https://www.imdb.com/title/tt3103432,Video Game,6.2,,2016,"Action, Fantasy, Sci-Fi, Thriller",920,"2016-02-16","Jonathan Klein,Toshio Ohashi,Teruaki Shiraishi"
tt21043376,5,2026-07-25,"Street Fighter 6","Street Fighter 6",https://www.imdb.com/title/tt21043376,Video Game,8.0,,2023,"Action, Fantasy, Sci-Fi, Crime, Thriller",629,"2023-06-02","Takayuki Nakayama,Keith Arem"
tt0208155,10,2026-07-25,"Final Fantasy VII","Fainaru fantajî VII",https://www.imdb.com/title/tt0208155,Video Game,9.4,,1997,"Adventure, Fantasy, Action, Drama, Sci-Fi",12136,"1997-09-07","Yoshinori Kitase,Yasushi Matsumura,Masato Yagi"
tt0284110,6,2026-07-25,"Final Fantasy X","Fainaru fantajî X",https://www.imdb.com/title/tt0284110,Video Game,9.1,,2001,"Adventure, Sci-Fi, Romance, Fantasy",9124,"2001-12-18","Yoshinori Kitase"
tt0377587,10,2026-07-25,"Capcom vs. SNK 2: Mark of the Millennium 2001","Capcom vs SNK 2: Millionaire Fighting 2001",https://www.imdb.com/title/tt0377587,Video Game,8.3,,2001,"Action",277,"2001-11-08","Hideaki Itsuno"
tt0944835,5,2026-07-25,"Salt","Salt",https://www.imdb.com/title/tt0944835,Movie,6.5,100,2010,"Thriller, Action",344261,"2010-07-23","Phillip Noyce"
tt4230076,5,2026-07-25,"The Defenders","The Defenders",https://www.imdb.com/title/tt4230076,TV Mini Series,7.2,50,2017,"Action, Adventure, Crime, Sci-Fi, Fantasy",128800,"2017-08-18",
tt0133751,7,2026-07-25,"The Faculty","The Faculty",https://www.imdb.com/title/tt0133751,Movie,6.6,104,1998,"Mystery, Sci-Fi, Horror",148991,"1998-12-25","Robert Rodriguez"
tt2531336,5,2026-07-25,"Lupin","Lupin",https://www.imdb.com/title/tt2531336,TV Series,7.5,45,2021,"Crime, Drama, Mystery, Action, Thriller",160764,"2021-01-08",
tt1477834,5,2026-07-25,"Aquaman","Aquaman",https://www.imdb.com/title/tt1477834,Movie,6.8,143,2018,"Action, Adventure, Sci-Fi, Fantasy",558103,"2018-12-21","James Wan"
tt0093870,7,2026-07-25,"RoboCop","RoboCop",https://www.imdb.com/title/tt0093870,Movie,7.6,102,1987,"Action, Crime, Thriller, Sci-Fi",311172,"1987-07-17","Paul Verhoeven"
tt0113568,7,2026-07-25,"Ghost in the Shell","Kôkaku kidôtai",https://www.imdb.com/title/tt0113568,Movie,7.9,83,1995,"Animation, Thriller, Mystery, Crime, Drama, Sci-Fi, Action",176049,"1996-03-29","Mamoru Oshii"
tt5463162,5,2026-07-25,"Deadpool 2","Deadpool 2",https://www.imdb.com/title/tt5463162,Movie,7.6,119,2018,"Action, Adventure, Comedy, Sci-Fi",753679,"2018-05-18","David Leitch"
tt6263850,4,2026-07-25,"Deadpool & Wolverine","Deadpool & Wolverine",https://www.imdb.com/title/tt6263850,Movie,7.5,128,2024,"Action, Comedy, Sci-Fi, Adventure",586283,"2024-07-26","Shawn Levy"
tt4574334,5,2026-07-25,"Stranger Things","Stranger Things",https://www.imdb.com/title/tt4574334,TV Series,8.6,60,2016,"Drama, Horror, Thriller, Sci-Fi, Mystery, Fantasy",1728279,"2016-07-15",
tt0109836,7,2026-07-25,"Mary Shelley's Frankenstein","Mary Shelley's Frankenstein",https://www.imdb.com/title/tt0109836,Movie,6.3,123,1994,"Sci-Fi, Romance, Drama, Horror",64213,"1994-11-04","Kenneth Branagh"
tt3322312,6,2026-07-25,"Daredevil","Daredevil",https://www.imdb.com/title/tt3322312,TV Series,8.6,60,2015,"Action, Crime, Drama, Thriller, Sci-Fi",538925,"2015-04-10",
tt10985510,5,2026-07-25,"Superman: Red Son","Superman: Red Son",https://www.imdb.com/title/tt10985510,Video,6.4,84,2020,"Animation, Action, Sci-Fi",18992,"2020-02-25","Sam Liu"
tt0877057,8,2026-07-25,"Death Note","Death Note: Desu nôto",https://www.imdb.com/title/tt0877057,TV Series,8.9,24,2006,"Animation, Mystery, Crime, Thriller, Fantasy, Drama",494056,"2007-10-20",
tt0434685,8,2026-07-25,"Gantz","Gantz",https://www.imdb.com/title/tt0434685,TV Series,7.1,22,2004,"Animation, Sci-Fi, Fantasy, Horror, Drama, Action",9906,"2004-04-13",
tt1355642,6,2026-07-25,"Fullmetal Alchemist: Brotherhood","Hagane no renkinjutsushi",https://www.imdb.com/title/tt1355642,TV Series,9.1,24,2009,"Animation, Action, Adventure, Drama, Sci-Fi, Comedy, Fantasy",254949,"2009-04-09",
tt0293429,5,2026-07-24,"Mortal Kombat","Mortal Kombat",https://www.imdb.com/title/tt0293429,Movie,6.1,110,2021,"Thriller, Sci-Fi, Adventure, Fantasy, Action",221081,"2021-04-23","Simon McQuoid"
tt17490712,5,2026-07-24,"Mortal Kombat II","Mortal Kombat II",https://www.imdb.com/title/tt17490712,Movie,6.3,116,2026,"Action, Adventure, Fantasy, Sci-Fi",81031,"2026-05-08","Simon McQuoid"
tt1187064,8,2026-07-18,"Triangle","Triangle",https://www.imdb.com/title/tt1187064,Movie,6.9,99,2009,"Thriller, Mystery, Sci-Fi, Fantasy",151232,"2009-10-16","Christopher Smith"
tt1259521,8,2026-07-18,"The Cabin in the Woods","The Cabin in the Woods",https://www.imdb.com/title/tt1259521,Movie,7.0,95,2011,"Horror, Mystery, Thriller",494232,"2012-04-13","Drew Goddard"
tt1877832,5,2026-07-18,"X-Men: Days of Future Past","X-Men: Days of Future Past",https://www.imdb.com/title/tt1877832,Movie,7.9,132,2014,"Action, Sci-Fi, Thriller, Adventure",793719,"2014-05-23","Bryan Singer"
tt6718170,6,2026-07-18,"The Super Mario Bros. Movie","The Super Mario Bros. Movie",https://www.imdb.com/title/tt6718170,Movie,7.0,92,2023,"Animation, Adventure, Family, Comedy, Fantasy",300804,"2023-04-05","Aaron Horvath,Michael Jelenic,Pierre Leduc,Fabien Polack"
tt0499549,6,2026-07-17,"Avatar","Avatar",https://www.imdb.com/title/tt0499549,Movie,7.9,162,2009,"Sci-Fi, Action, Adventure, Fantasy",1511609,"2009-12-18","James Cameron"
tt0944947,5,2026-07-17,"Game of Thrones","Game of Thrones",https://www.imdb.com/title/tt0944947,TV Series,9.2,60,2011,"Fantasy, Drama",2648656,"2011-04-17",
tt12809988,5,2026-07-17,"Sweet Tooth","Sweet Tooth",https://www.imdb.com/title/tt12809988,TV Series,7.7,50,2021,"Fantasy, Sci-Fi, Action, Adventure, Drama",79393,"2021-06-04",
tt0117802,10,2026-07-17,"Swingers","Swingers",https://www.imdb.com/title/tt0117802,Movie,7.2,96,1996,"Drama, Comedy",91663,"2025-10-01","Doug Liman"
tt1136608,10,2026-07-17,"District 9","District 9",https://www.imdb.com/title/tt1136608,Movie,7.9,112,2009,"Sci-Fi, Action, Thriller",756167,"2009-08-14","Neill Blomkamp"
tt0443453,6,2026-07-17,"Borat","Borat: Cultural Learnings of America for Make Benefit Glorious Nation of Kazakhstan",https://www.imdb.com/title/tt0443453,Movie,7.4,84,2006,"Comedy",481823,"2006-11-03","Larry Charles"
tt0892769,6,2026-07-17,"How to Train Your Dragon","How to Train Your Dragon",https://www.imdb.com/title/tt0892769,Movie,8.1,98,2010,"Animation, Adventure, Fantasy, Family, Action",905131,"2010-03-26","Dean DeBlois,Chris Sanders"
tt0829482,10,2026-07-17,"Superbad","Superbad",https://www.imdb.com/title/tt0829482,Movie,7.6,113,2007,"Comedy",701155,"2007-08-17","Greg Mottola"
tt0264464,7,2026-07-17,"Catch Me If You Can","Catch Me If You Can",https://www.imdb.com/title/tt0264464,Movie,8.1,141,2002,"Drama, Biography, Crime",1258137,"2002-12-25","Steven Spielberg"
tt1190634,6,2026-07-17,"The Boys","The Boys",https://www.imdb.com/title/tt1190634,TV Series,8.5,60,2019,"Action, Sci-Fi, Crime, Comedy, Drama",1017620,"2019-07-26",
tt0080120,10,2026-07-17,"The Warriors","The Warriors",https://www.imdb.com/title/tt0080120,Movie,7.5,93,1979,"Thriller, Action, Crime",120534,"1979-02-09","Walter Hill"
tt0378194,10,2026-07-17,"Kill Bill: Vol. 2","Kill Bill: Vol. 2",https://www.imdb.com/title/tt0378194,Movie,8.0,137,2004,"Thriller, Crime, Action",877284,"2004-04-16","Quentin Tarantino"
tt1645170,6,2026-07-17,"The Dictator","The Dictator",https://www.imdb.com/title/tt1645170,Movie,6.5,83,2012,"Comedy",371612,"2012-05-16","Larry Charles"
tt0114746,10,2026-07-17,"12 Monkeys","Twelve Monkeys",https://www.imdb.com/title/tt0114746,Movie,8.0,129,1995,"Mystery, Sci-Fi, Thriller",682859,"1996-01-05","Terry Gilliam"
tt1291584,7,2026-07-17,"Warrior","Warrior",https://www.imdb.com/title/tt1291584,Movie,8.1,140,2011,"Drama, Sport, Action",532327,"2011-09-09","Gavin O'Connor"
tt2866360,10,2026-07-17,"Coherence","Coherence",https://www.imdb.com/title/tt2866360,Movie,7.2,89,2013,"Sci-Fi, Thriller, Mystery",177444,"2014-08-06","James Ward Byrkit"
tt1442437,7,2026-07-17,"Modern Family","Modern Family",https://www.imdb.com/title/tt1442437,TV Series,8.5,22,2009,"Comedy, Romance, Drama",545100,"2009-09-23",
tt10872600,8,2026-07-17,"Spider-Man: No Way Home","Spider-Man: No Way Home",https://www.imdb.com/title/tt10872600,Movie,8.1,148,2021,"Action, Adventure, Sci-Fi, Fantasy",1059119,"2021-12-17","Jon Watts"
tt9419884,7,2026-07-17,"Doctor Strange in the Multiverse of Madness","Doctor Strange in the Multiverse of Madness",https://www.imdb.com/title/tt9419884,Movie,6.8,126,2022,"Action, Fantasy, Adventure, Sci-Fi",555051,"2022-05-06","Sam Raimi"
tt1637725,6,2026-07-17,"Ted","Ted",https://www.imdb.com/title/tt1637725,Movie,6.9,106,2012,"Comedy",716195,"2012-06-29","Seth MacFarlane"
tt0110357,7,2026-07-17,"The Lion King","The Lion King",https://www.imdb.com/title/tt0110357,Movie,8.5,88,1994,"Animation, Musical, Drama, Adventure, Family",1272453,"1994-06-24","Roger Allers,Rob Minkoff"
tt35466672,4,2026-07-17,"Malcolm in the Middle: Life's Still Unfair","Malcolm in the Middle: Life's Still Unfair",https://www.imdb.com/title/tt35466672,TV Mini Series,6.8,,2026,"Comedy, Drama",18231,"2026-04-10",
tt15083184,6,2026-07-03,"I Came By","I Came By",https://www.imdb.com/title/tt15083184,Movie,6.2,110,2022,"Thriller",39978,"2022-08-31","Babak Anvari"
tt2762506,5,2026-07-03,"Bacurau","Bacurau",https://www.imdb.com/title/tt2762506,Movie,7.3,131,2019,"Thriller, Adventure, Mystery, Western, Horror, Action, Drama",35262,"2020-03-19","Juliano Dornelles,Kleber Mendonça Filho"
tt0212671,5,2026-07-02,"Malcolm in the Middle","Malcolm in the Middle",https://www.imdb.com/title/tt0212671,TV Series,8.2,22,2000,"Family, Drama, Comedy",162130,"2000-01-09",
tt11145118,6,2026-06-13,"Creed III","Creed III",https://www.imdb.com/title/tt11145118,Movie,6.7,116,2023,"Drama, Sport, Action",110108,"2023-03-03","Michael B. Jordan"
tt7042862,4,2026-06-12,"The Man Who Killed Hitler and Then the Bigfoot","The Man Who Killed Hitler and Then the Bigfoot",https://www.imdb.com/title/tt7042862,Movie,5.7,98,2018,"Drama, Adventure, Sci-Fi, War",15035,"2019-02-08","Robert D. Krzykowski"
tt1210166,7,2026-06-10,"Moneyball","Moneyball",https://www.imdb.com/title/tt1210166,Movie,7.6,133,2011,"Drama, Sport, Biography",514869,"2011-09-23","Bennett Miller"
tt0343135,7,2026-06-10,"Along Came Polly","Along Came Polly",https://www.imdb.com/title/tt0343135,Movie,6.0,90,2004,"Romance, Comedy",150907,"2004-01-16","John Hamburg"
tt30144839,6,2026-06-10,"One Battle After Another","One Battle After Another",https://www.imdb.com/title/tt30144839,Movie,7.6,161,2025,"Crime, Thriller",436936,"2025-09-26","Paul Thomas Anderson"
tt9048804,3,2026-06-07,"Birth/Rebirth","Birth/Rebirth",https://www.imdb.com/title/tt9048804,Movie,6.2,98,2023,"Horror, Thriller, Drama",10218,"2023-09-05","Lee Moss"
tt33023494,6,2026-05-21,"The Boys: Blood and Bone","The Boys: Blood and Bone",https://www.imdb.com/title/tt33023494,TV Episode,5.6,65,2026,"Action, Sci-Fi, Crime, Comedy, Drama",131416,"2026-05-20","Philip Sgriccia"
tt33023489,5,2026-05-21,"The Boys: The Frenchman, the Female, and the Man Called Mother's Milk","The Boys: The Frenchman, the Female, and the Man Called Mother's Milk",https://www.imdb.com/title/tt33023489,TV Episode,5.8,66,2026,"Action, Sci-Fi, Crime, Comedy, Drama",58998,"2026-05-13","Sylvain White"
tt6741278,6,2026-04-20,"Invincible","Invincible",https://www.imdb.com/title/tt6741278,TV Series,8.7,50,2021,"Animation, Sci-Fi, Action, Drama, Adventure, Fantasy, Thriller",349990,"2021-03-26",
tt1595996,10,2026-04-06,"Community: Modern Warfare","Community: Modern Warfare",https://www.imdb.com/title/tt1595996,TV Episode,9.8,20,2010,"Comedy",16943,"2010-05-06","Justin Lin"
tt0091251,6,2026-04-02,"Come and See","Idi i smotri",https://www.imdb.com/title/tt0091251,Movie,8.3,142,1985,"Thriller, Drama, War",125590,"1985-09-03","Elem Klimov"
tt0091875,2,2026-03-27,"Running Scared","Running Scared",https://www.imdb.com/title/tt0091875,Movie,6.5,107,1986,"Crime, Thriller, Comedy, Action",17566,"1986-06-27","Peter Hyams"
tt17279496,6,2026-03-10,"Civil War","Civil War",https://www.imdb.com/title/tt17279496,Movie,7.0,109,2024,"Action, Thriller, War",272741,"2024-04-12","Alex Garland"
tt0354668,8,2026-03-05,"Save the Green Planet!","Jigureul jikyeora!",https://www.imdb.com/title/tt0354668,Movie,7.1,117,2003,"Thriller, Crime, Drama, Horror, Sci-Fi, Comedy",11743,"2003-04-04","Jang Joon-hwan"
tt1527788,7,2026-02-24,"The Man from Nowhere","Ajeossi",https://www.imdb.com/title/tt1527788,Movie,7.7,119,2010,"Action, Drama, Thriller, Crime",81294,"2010-08-05","Lee Jeong-beom"
tt0347149,4,2026-02-19,"Howl's Moving Castle","Hauru no ugoku shiro",https://www.imdb.com/title/tt0347149,Movie,8.2,119,2004,"Animation, Adventure, Family, Fantasy",519238,"2005-06-17","Hayao Miyazaki"
tt0050976,4,2026-02-12,"The Seventh Seal","Det sjunde inseglet",https://www.imdb.com/title/tt0050976,Movie,8.1,96,1957,"Drama, Fantasy",216978,"1958-10-13","Ingmar Bergman"
tt1816518,6,2026-02-10,"Ernest & Celestine","Ernest et Célestine",https://www.imdb.com/title/tt1816518,Movie,7.8,80,2012,"Animation, Drama, Family, Comedy, Crime, Adventure, Fantasy",24556,"2014-02-28","Stéphane Aubier,Vincent Patar,Benjamin Renner"
tt31987295,5,2026-02-05,"The Chair Company","The Chair Company",https://www.imdb.com/title/tt31987295,TV Series,7.3,,2025,"Comedy, Thriller",19118,"2025-10-12",
tt1527793,6,2026-01-28,"No Other Choice","Eo-jjeol su-ga eop-da",https://www.imdb.com/title/tt1527793,Movie,7.5,139,2025,"Comedy, Crime, Drama, Thriller",72075,"2026-01-16","Park Chan-wook"
tt34365591,6,2026-01-27,"Mahavatar Narsimha","Mahavatar Narsimha",https://www.imdb.com/title/tt34365591,Movie,8.5,130,2024,"Animation, Drama, Action, Fantasy",48426,"2025-08-01","Ashwin Kumar"
tt9737326,3,2026-01-15,"Invasion","Invasion",https://www.imdb.com/title/tt9737326,TV Series,6.2,60,2021,"Sci-Fi, Drama, Fantasy",58258,"2021-10-22",
tt0247613,5,2026-01-08,"Peppermint Candy","Bakhasatang",https://www.imdb.com/title/tt0247613,Movie,7.6,129,1999,"Drama",12761,"2000-01-01","Lee Chang-dong"
tt16428256,5,2026-01-05,"Suzume","Suzume no Tojimari",https://www.imdb.com/title/tt16428256,Movie,7.6,122,2022,"Animation, Adventure, Fantasy, Drama",65109,"2023-04-14","Makoto Shinkai"
tt39227597,4,2025-12-30,"Dave Chappelle: The Unstoppable","Dave Chappelle: The Unstoppable",https://www.imdb.com/title/tt39227597,TV Special,6.3,75,2025,"Documentary, Comedy",5594,"2025-12-19","Rikki Hughes"
tt1312221,6,2025-12-30,"Frankenstein","Frankenstein",https://www.imdb.com/title/tt1312221,Movie,7.4,149,2025,"Horror, Sci-Fi, Drama, Fantasy",331990,"2025-11-07","Guillermo del Toro"
tt18347622,5,2025-12-29,"Bodies","Bodies",https://www.imdb.com/title/tt18347622,TV Mini Series,7.3,60,2023,"Crime, Thriller, Drama, Mystery, Sci-Fi",69361,"2023-10-19",
tt18394190,5,2025-12-29,"Old Dads","Old Dads",https://www.imdb.com/title/tt18394190,Movie,6.2,104,2023,"Comedy",47865,"2023-10-20","Bill Burr"
tt8110640,6,2025-10-10,"In the Shadow of the Moon","In the Shadow of the Moon",https://www.imdb.com/title/tt8110640,Movie,6.2,115,2019,"Thriller, Crime, Mystery, Sci-Fi, Action",68363,"2019-09-27","Jim Mickle"
tt16360006,3,2025-10-07,"Bubble","Baburu",https://www.imdb.com/title/tt16360006,Movie,6.4,100,2022,"Animation, Adventure, Drama, Fantasy, Romance, Action, Sport, Sci-Fi",10008,"2022-04-28","Tetsurō Araki"
tt36663022,5,2025-08-17,"Love, Death & Robots: Close Encounters of the Mini Kind","Love, Death & Robots: Close Encounters of the Mini Kind",https://www.imdb.com/title/tt36663022,TV Episode,6.8,7,2025,"Animation, Short, Comedy, Fantasy, Horror, Sci-Fi, Action, Adventure, Drama, Mystery, Thriller",8826,"2025-05-15","Robert Bisi,Andy Lyon"
tt36663020,6,2025-08-17,"Love, Death & Robots: Spider Rose","Love, Death & Robots: Spider Rose",https://www.imdb.com/title/tt36663020,TV Episode,7.0,17,2025,"Animation, Short, Comedy, Fantasy, Horror, Sci-Fi, Action, Adventure, Drama, Mystery, Thriller",8194,"2025-05-15","Jennifer Yuh Nelson"
tt36663021,6,2025-08-17,"Love, Death & Robots: How Zeke Got Religion","Love, Death & Robots: How Zeke Got Religion",https://www.imdb.com/title/tt36663021,TV Episode,7.0,15,2025,"Animation, Short, Comedy, Fantasy, Horror, Sci-Fi, Action, Adventure, Drama, Mystery, Thriller",7407,"2025-05-15","Diego Porral"
tt36663027,3,2025-08-17,"Love, Death & Robots: The Other Large Thing","Love, Death & Robots: The Other Large Thing",https://www.imdb.com/title/tt36663027,TV Episode,7.0,9,2025,"Animation, Short, Comedy, Fantasy, Horror, Sci-Fi, Action, Adventure, Drama, Mystery, Thriller",7694,"2025-05-15","Patrick Osborne"
tt36663023,3,2025-08-17,"Love, Death & Robots: 400 Boys","Love, Death & Robots: 400 Boys",https://www.imdb.com/title/tt36663023,TV Episode,5.7,15,2025,"Animation, Short, Comedy, Fantasy, Horror, Sci-Fi, Action, Adventure, Drama, Mystery, Thriller",7557,"2025-05-15","Robert Valley"
tt36663024,6,2025-08-17,"Love, Death & Robots: The Screaming of the Tyrannosaur","Love, Death & Robots: The Screaming of the Tyrannosaur",https://www.imdb.com/title/tt36663024,TV Episode,6.3,15,2025,"Animation, Short, Comedy, Fantasy, Horror, Sci-Fi, Action, Adventure, Drama, Mystery, Thriller",7324,"2025-05-15","Tim Miller"
tt36663026,2,2025-08-17,"Love, Death & Robots: Golgotha","Love, Death & Robots: Golgotha",https://www.imdb.com/title/tt36663026,TV Episode,5.2,10,2025,"Animation, Short, Comedy, Fantasy, Horror, Sci-Fi, Action, Adventure, Drama, Mystery, Thriller",7017,"2025-05-15","Tim Miller"
tt36663019,6,2025-08-17,"Love, Death & Robots: For He Can Creep","Love, Death & Robots: For He Can Creep",https://www.imdb.com/title/tt36663019,TV Episode,6.3,14,2025,"Animation, Short, Comedy, Fantasy, Horror, Sci-Fi, Action, Adventure, Drama, Mystery, Thriller",6533,"2025-05-15","Emily Dean"
tt36663025,1,2025-08-17,"Love, Death & Robots: Smart Appliances, Stupid Owners","Love, Death & Robots: Smart Appliances, Stupid Owners",https://www.imdb.com/title/tt36663025,TV Episode,5.3,8,2025,"Animation, Short, Comedy, Fantasy, Horror, Sci-Fi, Action, Adventure, Drama, Mystery, Thriller",6662,"2025-05-15","Patrick Osborne"
tt21661768,1,2025-08-17,"Love, Death & Robots: Can't Stop","Love, Death & Robots: Can't Stop",https://www.imdb.com/title/tt21661768,TV Episode,4.1,6,2025,"Animation, Short, Comedy, Fantasy, Horror, Sci-Fi, Action, Adventure, Drama, Mystery, Thriller",9726,"2025-05-15","David Fincher"
tt30505698,6,2025-06-29,"Friendship","Friendship",https://www.imdb.com/title/tt30505698,Movie,6.6,100,2024,"Comedy",41643,"2025-05-23","Andrew DeYoung"
tt1588170,10,2025-06-16,"I Saw the Devil","Angmareul boatda",https://www.imdb.com/title/tt1588170,Movie,7.8,144,2010,"Thriller, Action",167902,"2010-08-12","Kim Jee-woon"
tt31193180,8,2025-06-13,"Sinners","Sinners",https://www.imdb.com/title/tt31193180,Movie,7.5,137,2025,"Horror",515325,"2025-04-18","Ryan Coogler"
tt0435434,6,2025-06-05,"Swing Girls","Suwingu gâruzu",https://www.imdb.com/title/tt0435434,Movie,7.6,104,2004,"Drama, Comedy, Music",6409,"2004-09-11","Shinobu Yaguchi"
tt26584495,7,2025-06-04,"Companion","Companion",https://www.imdb.com/title/tt26584495,Movie,6.9,97,2025,"Thriller, Sci-Fi",186706,"2025-01-31","Drew Hancock"
tt0112159,1,2025-06-03,"Neon Genesis Evangelion","Shinseiki Evangelion",https://www.imdb.com/title/tt0112159,TV Series,8.5,24,1995,"Animation, Drama, Action, Sci-Fi",113753,"1997-08-20",
tt0356150,4,2025-05-17,"EuroTrip","EuroTrip",https://www.imdb.com/title/tt0356150,Movie,6.6,92,2004,"Comedy",246598,"2004-02-20","Jeff Schaffer,Alec Berg,David Mandel"
tt0215129,4,2025-05-16,"Road Trip","Road Trip",https://www.imdb.com/title/tt0215129,Movie,6.5,93,2000,"Comedy",189960,"2000-05-19","Todd Phillips"
tt0095631,7,2025-05-15,"Midnight Run","Midnight Run",https://www.imdb.com/title/tt0095631,Movie,7.5,126,1988,"Thriller, Crime, Comedy, Action",104718,"1988-07-20","Martin Brest"
tt14513804,6,2025-03-12,"Captain America: Brave New World","Captain America: Brave New World",https://www.imdb.com/title/tt14513804,Movie,5.6,118,2025,"Action, Adventure, Sci-Fi",189310,"2025-02-14","Julius Onah"
tt5040012,7,2025-03-10,"Nosferatu","Nosferatu",https://www.imdb.com/title/tt5040012,Movie,7.1,132,2024,"Horror, Fantasy, Mystery",273634,"2024-12-25","Robert Eggers"
tt26545355,6,2025-02-26,"Creature Commandos","Creature Commandos",https://www.imdb.com/title/tt26545355,TV Series,7.8,23,2024,"Animation, Action, Adventure, Horror, Sci-Fi, Mystery, Comedy, Crime, Drama, Fantasy, Romance, Thriller",28812,"2024-12-05",
tt0099817,4,2025-01-22,"I Come in Peace","Dark Angel",https://www.imdb.com/title/tt0099817,Movie,6.1,91,1990,"Crime, Sci-Fi, Thriller, Action",16521,"1990-09-28","Craig R. Baxley"
tt0107668,3,2025-01-14,"Nemesis","Nemesis",https://www.imdb.com/title/tt0107668,Movie,5.4,96,1992,"Drama, Sci-Fi, Thriller, Action",7835,"1993-01-29","Albert Pyun"
tt0105459,5,2025-01-11,"Split Second","Split Second",https://www.imdb.com/title/tt0105459,Movie,6.0,90,1992,"Horror, Crime, Thriller, Sci-Fi, Action",18893,"1992-05-01","Tony Maylam"
tt18259086,6,2025-01-08,"Sonic the Hedgehog 3","Sonic the Hedgehog 3",https://www.imdb.com/title/tt18259086,Movie,6.9,110,2024,"Action, Adventure, Comedy, Family, Sci-Fi, Fantasy",83778,"2024-12-20","Jeff Fowler"
tt12593682,4,2024-12-04,"Bullet Train","Bullet Train",https://www.imdb.com/title/tt12593682,Movie,7.3,127,2022,"Action, Thriller, Comedy",544494,"2022-08-05","David Leitch"
tt0108778,7,2024-11-13,"Friends","Friends",https://www.imdb.com/title/tt0108778,TV Series,8.8,22,1994,"Romance, Comedy",1202989,"1994-09-22",
tt17526714,7,2024-10-22,"The Substance","The Substance",https://www.imdb.com/title/tt17526714,Movie,7.2,141,2024,"Drama, Horror, Sci-Fi",456940,"2024-09-20","Coralie Fargeat"
tt0302640,4,2024-10-07,"The Hot Chick","The Hot Chick",https://www.imdb.com/title/tt0302640,Movie,5.6,104,2002,"Fantasy, Comedy",110979,"2002-12-13","Tom Brady"
tt0255798,5,2024-10-07,"The Animal","The Animal",https://www.imdb.com/title/tt0255798,Movie,4.9,84,2001,"Sci-Fi, Comedy",67782,"2001-06-01","Luke Greenfield"
tt0120484,6,2024-10-07,"The Waterboy","The Waterboy",https://www.imdb.com/title/tt0120484,Movie,6.2,90,1998,"Sport, Comedy",193548,"1998-11-06","Frank Coraci"
tt0116669,7,2024-10-04,"Jack","Jack",https://www.imdb.com/title/tt0116669,Movie,5.8,113,1996,"Fantasy, Drama, Comedy",66331,"1996-08-09","Francis Ford Coppola"
tt2294449,6,2024-09-30,"22 Jump Street","22 Jump Street",https://www.imdb.com/title/tt2294449,Movie,7.0,112,2014,"Comedy, Action, Crime, Mystery",444387,"2014-06-13","Phil Lord,Christopher Miller"
tt1232829,7,2024-09-30,"21 Jump Street","21 Jump Street",https://www.imdb.com/title/tt1232829,Movie,7.2,109,2012,"Action, Comedy, Crime",652987,"2012-03-16","Phil Lord,Christopher Miller"
tt21836654,8,2024-09-03,"Sam Morril: Same Time Tomorrow","Sam Morril: Same Time Tomorrow",https://www.imdb.com/title/tt21836654,TV Special,7.3,43,2022,"Comedy",1242,"2022-09-01","James Webb"
tt0299117,6,2024-07-25,"Roger Dodger","Roger Dodger",https://www.imdb.com/title/tt0299117,Movie,6.8,106,2002,"Comedy, Drama",18380,"2002-11-22","Dylan Kidd"
tt11389872,8,2024-07-23,"Kingdom of the Planet of the Apes","Kingdom of the Planet of the Apes",https://www.imdb.com/title/tt11389872,Movie,6.8,145,2024,"Action, Sci-Fi, Adventure, Drama, Thriller",171372,"2024-05-10","Wes Ball"
tt12037194,5,2024-07-09,"Furiosa: A Mad Max Saga","Furiosa: A Mad Max Saga",https://www.imdb.com/title/tt12037194,Movie,7.4,148,2024,"Action, Adventure, Sci-Fi",325587,"2024-05-24","George Miller"
tt0697657,10,2024-06-26,"Seinfeld: The Bizarro Jerry","Seinfeld: The Bizarro Jerry",https://www.imdb.com/title/tt0697657,TV Episode,9.0,24,1996,"Comedy",5395,"1996-10-03","Andy Ackerman"
tt0697729,10,2024-06-01,"Seinfeld: The Marine Biologist","Seinfeld: The Marine Biologist",https://www.imdb.com/title/tt0697729,TV Episode,9.2,23,1994,"Comedy",6754,"1994-02-10","Tom Cherones"
tt0697753,7,2024-06-01,"Seinfeld: The Pie","Seinfeld: The Pie",https://www.imdb.com/title/tt0697753,TV Episode,8.5,23,1994,"Comedy",4372,"1994-02-17","Tom Cherones"
tt0697786,6,2024-06-01,"Seinfeld: The Stand-In","Seinfeld: The Stand-In",https://www.imdb.com/title/tt0697786,TV Episode,7.6,23,1994,"Comedy",4033,"1994-02-24","Tom Cherones"
tt0697810,6,2024-06-01,"Seinfeld: The Wife","Seinfeld: The Wife",https://www.imdb.com/title/tt0697810,TV Episode,7.9,23,1994,"Comedy",4168,"1994-03-17","Tom Cherones"
tt0697743,10,2024-05-26,"Seinfeld: The Opera","Seinfeld: The Opera",https://www.imdb.com/title/tt0697743,TV Episode,8.2,30,1992,"Comedy",4492,"1992-11-04","Tom Cherones"
tt0697804,6,2024-05-26,"Seinfeld: The Virgin","Seinfeld: The Virgin",https://www.imdb.com/title/tt0697804,TV Episode,8.1,23,1992,"Comedy",4371,"1992-11-11","Tom Cherones"
tt0697679,10,2024-05-26,"Seinfeld: The Contest","Seinfeld: The Contest",https://www.imdb.com/title/tt0697679,TV Episode,9.5,23,1992,"Comedy",10130,"1992-11-18","Tom Cherones"
tt0697647,7,2024-05-26,"Seinfeld: The Airport","Seinfeld: The Airport",https://www.imdb.com/title/tt0697647,TV Episode,8.9,23,1992,"Comedy",5541,"1992-11-25","Tom Cherones"
tt0697752,6,2024-05-26,"Seinfeld: The Pick","Seinfeld: The Pick",https://www.imdb.com/title/tt0697752,TV Episode,8.5,23,1992,"Comedy",4642,"1992-12-16","Tom Cherones"
tt0697735,7,2024-05-26,"Seinfeld: The Movie","Seinfeld: The Movie",https://www.imdb.com/title/tt0697735,TV Episode,8.1,23,1993,"Comedy",4453,"1993-01-06","Tom Cherones"
tt0697805,7,2024-05-26,"Seinfeld: The Visa","Seinfeld: The Visa",https://www.imdb.com/title/tt0697805,TV Episode,8.0,23,1993,"Comedy",4184,"1993-01-27","Tom Cherones"
tt0697775,7,2024-05-26,"Seinfeld: The Shoes","Seinfeld: The Shoes",https://www.imdb.com/title/tt0697775,TV Episode,8.1,22,1993,"Comedy",4413,"1993-02-04","Tom Cherones"
tt0697745,10,2024-05-26,"Seinfeld: The Outing","Seinfeld: The Outing",https://www.imdb.com/title/tt0697745,TV Episode,9.4,22,1993,"Comedy",7544,"1993-02-11","Tom Cherones"
tt0697673,7,2024-05-21,"Seinfeld: The Cheever Letters","Seinfeld: The Cheever Letters",https://www.imdb.com/title/tt0697673,TV Episode,8.5,30,1992,"Comedy",4635,"1992-10-28","Tom Cherones"
tt0697808,6,2024-05-21,"Seinfeld: The Wallet","Seinfeld: The Wallet",https://www.imdb.com/title/tt0697808,TV Episode,7.9,23,1992,"Comedy",4280,"1992-09-23","Tom Cherones"
tt0697809,6,2024-05-21,"Seinfeld: The Watch","Seinfeld: The Watch",https://www.imdb.com/title/tt0697809,TV Episode,8.0,23,1992,"Comedy",4191,"1992-09-30","Tom Cherones"
tt0697662,7,2024-05-21,"Seinfeld: The Bubble Boy","Seinfeld: The Bubble Boy",https://www.imdb.com/title/tt0697662,TV Episode,8.7,23,1992,"Comedy",5704,"1992-10-07","Tom Cherones"
tt0697798,8,2024-05-20,"Seinfeld: The Ticket","Seinfeld: The Ticket",https://www.imdb.com/title/tt0697798,TV Episode,8.2,23,1992,"Comedy",4321,"1992-09-16","Tom Cherones"
tt0697755,6,2024-05-20,"Seinfeld: The Pitch","Seinfeld: The Pitch",https://www.imdb.com/title/tt0697755,TV Episode,8.5,23,1992,"Comedy",4702,"1992-09-16","Tom Cherones"
tt0697800,8,2024-05-20,"Seinfeld: The Trip: Part 2","Seinfeld: The Trip: Part 2",https://www.imdb.com/title/tt0697800,TV Episode,8.3,23,1992,"Comedy",4556,"1992-08-19","Tom Cherones"
tt0697799,7,2024-05-20,"Seinfeld: The Trip: Part 1","Seinfeld: The Trip: Part 1",https://www.imdb.com/title/tt0697799,TV Episode,8.0,23,1992,"Comedy",4599,"1992-08-12","Tom Cherones"
tt0697704,6,2024-05-19,"Seinfeld: The Good Samaritan","Seinfeld: The Good Samaritan",https://www.imdb.com/title/tt0697704,TV Episode,7.8,23,1992,"Comedy",4490,"1992-03-04","Jason Alexander"
tt0697720,6,2024-05-19,"Seinfeld: The Letter","Seinfeld: The Letter",https://www.imdb.com/title/tt0697720,TV Episode,7.8,23,1992,"Comedy",4368,"1992-03-25","Tom Cherones"
tt0697748,7,2024-05-19,"Seinfeld: The Parking Space","Seinfeld: The Parking Space",https://www.imdb.com/title/tt0697748,TV Episode,8.2,23,1992,"Comedy",4664,"1992-04-22","Tom Cherones"
tt0697717,7,2024-05-19,"Seinfeld: The Keys","Seinfeld: The Keys",https://www.imdb.com/title/tt0697717,TV Episode,8.2,23,1992,"Comedy",4547,"1992-05-06","Tom Cherones"
tt0697738,8,2024-05-19,"Seinfeld: The Boyfriend","Seinfeld: The Boyfriend",https://www.imdb.com/title/tt0697738,TV Episode,8.6,46,1992,"Comedy",5638,"1992-02-12","Tom Cherones"
tt14500584,8,2024-05-18,"Beyond the Infinite Two Minutes","Dorosute no hate de bokura",https://www.imdb.com/title/tt14500584,Movie,7.2,70,2020,"Comedy, Sci-Fi",11225,"2020-06-05","Junta Yamaguchi"
tt4159076,5,2024-05-09,"Dark Matter","Dark Matter",https://www.imdb.com/title/tt4159076,TV Series,7.5,42,2015,"Sci-Fi, Drama, Thriller, Adventure, Mystery",48245,"2015-06-12",
tt0085549,6,2024-05-07,"Flashdance","Flashdance",https://www.imdb.com/title/tt0085549,Movie,6.2,95,1983,"Music, Romance, Drama",64871,"1983-04-15","Adrian Lyne"
tt12637874,5,2024-04-26,"Fallout","Fallout",https://www.imdb.com/title/tt12637874,TV Series,8.3,60,2024,"Action, Adventure, Drama, Sci-Fi",400483,"2024-04-10",
tt9114286,5,2024-04-26,"Black Panther: Wakanda Forever","Black Panther: Wakanda Forever",https://www.imdb.com/title/tt9114286,Movie,6.6,161,2022,"Action, Adventure, Sci-Fi, Drama",398149,"2022-11-11","Ryan Coogler"
tt11680642,7,2024-04-26,"Pantheon","Pantheon",https://www.imdb.com/title/tt11680642,TV Series,8.5,41,2022,"Animation, Drama, Sci-Fi, Action, Mystery, Adventure, Fantasy, Thriller",23463,"2022-09-01",
tt15239678,5,2024-04-15,"Dune: Part Two","Dune: Part Two",https://www.imdb.com/title/tt15239678,Movie,8.4,166,2024,"Adventure, Drama, Sci-Fi, Action",784668,"2024-03-01","Denis Villeneuve"
tt2730162,8,2024-03-25,"Fool's Day","Fool's Day",https://www.imdb.com/title/tt2730162,Short,8.0,19,2013,"Short, Comedy, Drama, Thriller",533,"2018-10-10","Cody Blue Snider"
tt22492354,7,2024-03-25,"Stalled","Stalled",https://www.imdb.com/title/tt22492354,Short,7.4,20,2022,"Short, Sci-Fi, Thriller",1516,"2022-11-11","Matt Black"
tt5867314,4,2024-03-25,"The Empty Man","The Empty Man",https://www.imdb.com/title/tt5867314,Movie,6.2,137,2020,"Thriller, Horror, Mystery, Drama",51023,"2020-10-23","David Prior"
tt26737616,5,2024-03-24,"Pluto","Pluto",https://www.imdb.com/title/tt26737616,TV Mini Series,8.1,62,2023,"Animation, Drama, Mystery, Sci-Fi, Thriller, Action",21068,"2023-10-26",
tt6723592,10,2024-03-13,"Tenet","Tenet",https://www.imdb.com/title/tt6723592,Movie,7.3,150,2020,"Action, Sci-Fi, Thriller",705092,"2020-09-03","Christopher Nolan"
tt5838588,7,2024-03-12,"God of War","God of War",https://www.imdb.com/title/tt5838588,Video Game,9.5,,2018,"Action, Adventure, Fantasy, Drama",47824,"2018-04-20","Cory Barlog"
tt13119450,7,2024-03-01,"God of War: Ragnarök","God of War Ragnarök",https://www.imdb.com/title/tt13119450,Video Game,9.4,,2022,"Action, Adventure, Drama, Fantasy",27192,"2022-11-09","Eric Williams,Cory Barlog"
tt1124373,8,2024-02-02,"Sons of Anarchy","Sons of Anarchy",https://www.imdb.com/title/tt1124373,TV Series,8.5,45,2008,"Drama, Crime, Thriller",358622,"2008-09-03",
tt22477180,6,2024-01-02,"Portrait of God","Portrait of God",https://www.imdb.com/title/tt22477180,Short,7.4,7,2022,"Short, Horror",3049,"2022-08-28","Dylan Clark"
tt5208252,7,2023-12-30,"Operation Finale","Operation Finale",https://www.imdb.com/title/tt5208252,Movie,6.6,122,2018,"Drama, Thriller, Biography, History, War",54733,"2018-08-29","Chris Weitz"
tt6341832,7,2023-12-30,"Oxygen","Oxygène",https://www.imdb.com/title/tt6341832,Movie,6.5,100,2021,"Sci-Fi, Thriller, Drama, Fantasy",48815,"2021-05-12","Alexandre Aja"
tt23289160,8,2023-12-29,"Godzilla Minus One","Gojira Mainasu Wan",https://www.imdb.com/title/tt23289160,Movie,7.6,124,2023,"Action, Adventure, Sci-Fi, Horror, Drama",229285,"2023-12-01","Takashi Yamazaki"
tt15060662,6,2023-12-26,"Nosso Sonho","Nosso Sonho",https://www.imdb.com/title/tt15060662,Movie,7.2,117,2023,"Biography, Comedy, Drama, Music",1286,"2023-09-21","Eduardo Albergaria"
tt26315487,7,2023-12-19,"Bloodhounds","Sanyanggaedeul",https://www.imdb.com/title/tt26315487,TV Series,8.2,60,2023,"Action, Crime, Drama, Thriller, Sport",31026,"2023-06-09",
tt0111112,4,2023-12-13,"The Secret of Roan Inish","The Secret of Roan Inish",https://www.imdb.com/title/tt0111112,Movie,7.4,103,1994,"Drama, Mystery, Family, Fantasy",9511,"1995-02-03","John Sayles"
tt0808185,5,2023-12-11,"The Bothersome Man","Den brysomme mannen",https://www.imdb.com/title/tt0808185,Movie,7.2,95,2006,"Drama, Mystery, Comedy, Fantasy, Sci-Fi",19180,"2007-08-24","Jens Lien"
tt0070334,5,2023-12-09,"The Long Goodbye","The Long Goodbye",https://www.imdb.com/title/tt0070334,Movie,7.5,112,1973,"Thriller, Mystery, Comedy, Crime, Drama",44687,"1973-03-08","Robert Altman"
tt21357640,10,2023-11-30,"Attack on Titan: The Final Chapters: Special 1","Shingeki no kyojin: The Final Chapters: Special 1",https://www.imdb.com/title/tt21357640,TV Episode,9.5,61,2023,"Animation, Fantasy, Horror, Adventure, Drama, Action",71532,"2023-09-10","Yūichirō Hayashi,Jun Shishido"
tt1398426,7,2023-11-08,"Straight Outta Compton","Straight Outta Compton",https://www.imdb.com/title/tt1398426,Movie,7.8,147,2015,"Musical, Biography, Music, Drama, History",235456,"2015-08-14","F. Gary Gray"
tt27048168,10,2023-11-08,"Attack on Titan: The Final Chapters: Special 2","Shingeki no kyojin: The Final Chapters: Special 2",https://www.imdb.com/title/tt27048168,TV Episode,9.0,85,2023,"Animation, Fantasy, Horror, Adventure, Drama, Action",92279,"2023-11-04","Yūichirō Hayashi,Tokio Igarashi,Jun Shishido"
tt5537002,5,2023-11-02,"Killers of the Flower Moon","Killers of the Flower Moon",https://www.imdb.com/title/tt5537002,Movie,7.5,206,2023,"Drama, Crime, History, Western",311664,"2023-10-20","Martin Scorsese"
tt10574558,5,2023-10-25,"Midnight Mass","Midnight Mass",https://www.imdb.com/title/tt10574558,TV Mini Series,7.7,60,2021,"Horror, Drama, Mystery, Fantasy",172427,"2021-09-24",
tt8589698,5,2023-10-02,"Teenage Mutant Ninja Turtles: Mutant Mayhem","Teenage Mutant Ninja Turtles: Mutant Mayhem",https://www.imdb.com/title/tt8589698,Movie,7.2,99,2023,"Animation, Adventure, Comedy, Crime, Sci-Fi, Family, Fantasy, Action",78951,"2023-08-02","Jeff Rowe,Kyler Spears"
tt3718778,6,2023-09-09,"Over the Garden Wall","Over the Garden Wall",https://www.imdb.com/title/tt3718778,TV Mini Series,8.7,11,2014,"Animation, Short, Fantasy, Adventure, Drama, Family, Horror, Mystery, Comedy, Music",91357,"2014-11-03",
tt9639470,6,2023-09-09,"Last Night in Soho","Last Night in Soho",https://www.imdb.com/title/tt9639470,Movie,7.0,116,2021,"Horror, Thriller, Drama, Mystery",201530,"2021-10-29","Edgar Wright"
tt0151804,7,2023-08-26,"Office Space","Office Space",https://www.imdb.com/title/tt0151804,Movie,7.6,89,1999,"Comedy",310915,"1999-02-19","Mike Judge"
tt0486583,4,2023-08-26,"Fred Claus","Fred Claus",https://www.imdb.com/title/tt0486583,Movie,5.7,116,2007,"Comedy, Family, Fantasy",51240,"2007-11-09","David Dobkin"
tt0227005,6,2023-08-26,"Made","Made",https://www.imdb.com/title/tt0227005,Movie,6.3,95,2001,"Crime, Drama, Comedy",20493,"2001-08-31","Jon Favreau"
tt0335438,6,2023-07-27,"Starsky & Hutch","Starsky & Hutch",https://www.imdb.com/title/tt0335438,Movie,6.1,101,2004,"Crime, Comedy",162551,"2004-03-05","Todd Phillips"
tt2234155,6,2023-07-27,"The Internship","The Internship",https://www.imdb.com/title/tt2234155,Movie,6.3,119,2013,"Comedy",228678,"2013-06-07","Shawn Levy"
tt0415306,7,2023-07-26,"Talladega Nights: The Ballad of Ricky Bobby","Talladega Nights: The Ballad of Ricky Bobby",https://www.imdb.com/title/tt0415306,Movie,6.6,108,2006,"Comedy, Sport",216007,"2006-08-04","Adam McKay"
tt7784604,6,2023-07-26,"Hereditary","Hereditary",https://www.imdb.com/title/tt7784604,Movie,7.3,127,2018,"Horror, Drama, Mystery, Thriller",466182,"2018-06-08","Ari Aster"
tt0364725,7,2023-07-25,"Dodgeball: A True Underdog Story","Dodgeball: A True Underdog Story",https://www.imdb.com/title/tt0364725,Movie,6.7,92,2004,"Comedy, Sport",288503,"2004-06-18","Rawson Marshall Thurber"
tt14837960,5,2023-07-20,"Bright: Samurai Soul","Buraito: Samurai sôru",https://www.imdb.com/title/tt14837960,Movie,5.5,80,2021,"Animation, Action, Adventure, Fantasy, Thriller",1288,"2021-10-12","Kyôhei Ishiguro"
tt1386588,7,2023-07-20,"The Other Guys","The Other Guys",https://www.imdb.com/title/tt1386588,Movie,6.7,107,2010,"Action, Comedy, Crime, Thriller",312282,"2010-08-06","Adam McKay"
tt0266915,9,2023-07-20,"Rush Hour 2","Rush Hour 2",https://www.imdb.com/title/tt0266915,Movie,6.7,90,2001,"Thriller, Crime, Comedy, Action",263010,"2001-08-03","Brett Ratner"
tt0446029,10,2023-07-20,"Scott Pilgrim vs. the World","Scott Pilgrim vs. the World",https://www.imdb.com/title/tt0446029,Movie,7.5,112,2010,"Action, Comedy, Romance, Fantasy",499711,"2010-08-13","Edgar Wright"
tt0697744,10,2023-07-04,"Seinfeld: The Opposite","Seinfeld: The Opposite",https://www.imdb.com/title/tt0697744,TV Episode,9.5,23,1994,"Comedy",8034,"1994-05-19","Tom Cherones"
tt6340502,5,2023-07-01,"Inuyashiki","Inuyashiki",https://www.imdb.com/title/tt6340502,TV Mini Series,7.6,24,2017,"Animation, Action, Drama, Sci-Fi, Horror",7007,"2017-10-13",
tt2521668,4,2023-06-15,"The Returned","Les revenants",https://www.imdb.com/title/tt2521668,TV Series,8.0,55,2012,"Drama, Horror, Mystery",22427,"2013-10-31",
tt0082783,7,2023-06-14,"My Dinner with Andre","My Dinner with Andre",https://www.imdb.com/title/tt0082783,Movie,7.6,110,1981,"Drama, Comedy",31048,"1981-10-11","Louis Malle"
tt2567038,4,2023-06-08,"The Frame","The Frame",https://www.imdb.com/title/tt2567038,Movie,6.5,127,2014,"Crime, Drama, Fantasy, Romance, Thriller",4215,"2014-10-17","Jamin Winans"
tt0120201,7,2023-06-08,"Starship Troopers","Starship Troopers",https://www.imdb.com/title/tt0120201,Movie,7.3,129,1997,"Action, Adventure, Thriller, Sci-Fi",349038,"1997-11-07","Paul Verhoeven"
tt9362722,6,2023-06-07,"Spider-Man: Across the Spider-Verse","Spider-Man: Across the Spider-Verse",https://www.imdb.com/title/tt9362722,Movie,8.5,140,2023,"Animation, Action, Adventure, Sci-Fi, Fantasy, Family",545171,"2023-06-02","Joaquim Dos Santos,Kemp Powers,Justin K. Thompson"
tt6259380,5,2023-06-05,"Code 8","Code 8",https://www.imdb.com/title/tt6259380,Movie,6.1,98,2019,"Sci-Fi, Crime, Drama, Thriller, Action",58398,"2019-12-13","Jeff Chan"
tt0186151,7,2023-06-02,"Frequency","Frequency",https://www.imdb.com/title/tt0186151,Movie,7.4,118,2000,"Sci-Fi, Crime, Mystery, Drama, Thriller",124624,"2000-04-28","Gregory Hoblit"
tt0119099,8,2023-06-02,"Fallen","Fallen",https://www.imdb.com/title/tt0119099,Movie,7.0,124,1998,"Crime, Drama, Mystery, Action, Fantasy, Thriller",104883,"1998-01-16","Gregory Hoblit"
tt0049366,7,2023-05-21,"Invasion of the Body Snatchers","Invasion of the Body Snatchers",https://www.imdb.com/title/tt0049366,Movie,7.7,80,1956,"Drama, Sci-Fi, Horror",60338,"1956-02-05","Don Siegel"
tt11358390,5,2023-05-21,"Renfield","Renfield",https://www.imdb.com/title/tt11358390,Movie,6.4,93,2023,"Comedy, Horror, Fantasy, Action",121064,"2023-04-14","Chris McKay"
tt15474916,4,2023-05-21,"Smile","Smile",https://www.imdb.com/title/tt15474916,Movie,6.5,115,2022,"Horror, Mystery, Thriller",246794,"2022-09-30","Parker Finn"
tt6372694,2,2023-05-17,"Prisoners of the Ghostland","Prisoners of the Ghostland",https://www.imdb.com/title/tt6372694,Movie,4.2,103,2021,"Thriller, Fantasy, Horror, Western",15866,"2021-09-17","Sion Sono"
tt3395184,6,2023-05-14,"Spring","Spring",https://www.imdb.com/title/tt3395184,Movie,6.7,109,2014,"Horror, Romance, Sci-Fi, Drama",34270,"2015-03-20","Justin Benson,Aaron Moorhead"
tt9198364,6,2023-05-05,"Three Thousand Years of Longing","Three Thousand Years of Longing",https://www.imdb.com/title/tt9198364,Movie,6.7,108,2022,"Drama, Fantasy, Romance",73539,"2022-08-26","George Miller"
tt2906216,4,2023-05-05,"Dungeons & Dragons: Honor Among Thieves","Dungeons & Dragons: Honor Among Thieves",https://www.imdb.com/title/tt2906216,Movie,7.2,134,2023,"Adventure, Fantasy, Action, Comedy",276842,"2023-03-31","John Francis Daley,Jonathan Goldstein"
tt0473753,8,2023-04-30,"Angel-A","Angel-A",https://www.imdb.com/title/tt0473753,Movie,7.1,91,2005,"Comedy, Romance, Fantasy, Drama",37543,"2005-12-21","Luc Besson"
tt0098635,8,2023-04-28,"When Harry Met Sally...","When Harry Met Sally...",https://www.imdb.com/title/tt0098635,Movie,7.7,95,1989,"Drama, Romance, Comedy",274125,"1989-07-21","Rob Reiner"
tt1655441,6,2023-04-28,"The Age of Adaline","The Age of Adaline",https://www.imdb.com/title/tt1655441,Movie,7.2,112,2015,"Romance, Drama, Fantasy",231184,"2015-04-24","Lee Toland Krieger"
tt27141610,6,2023-04-28,"John Mulaney: Baby J","John Mulaney: Baby J",https://www.imdb.com/title/tt27141610,TV Special,7.5,80,2023,"Documentary, Comedy",7449,"2023-04-25","Alex Timbers"
tt1683526,6,2023-04-26,"Detachment","Detachment",https://www.imdb.com/title/tt1683526,Movie,7.7,98,2011,"Drama",113350,"2012-02-01","Tony Kaye"
tt3986820,7,2023-04-24,"The Endless","The Endless",https://www.imdb.com/title/tt3986820,Movie,6.5,111,2017,"Sci-Fi, Thriller, Horror, Mystery",57909,"2018-04-06","Justin Benson,Aaron Moorhead"
tt2494362,5,2023-04-23,"Bone Tomahawk","Bone Tomahawk",https://www.imdb.com/title/tt2494362,Movie,7.1,132,2015,"Western, Drama, Horror",141753,"2016-02-19","S. Craig Zahler"
tt0423866,7,2023-04-22,"3-Iron","Binjip",https://www.imdb.com/title/tt0423866,Movie,7.9,88,2004,"Drama, Romance, Crime",61665,"2004-10-15","Kim Ki-duk"
tt10954600,4,2023-04-18,"Ant-Man and the Wasp: Quantumania","Ant-Man and the Wasp: Quantumania",https://www.imdb.com/title/tt10954600,Movie,6.0,124,2023,"Action, Adventure, Comedy, Sci-Fi",276032,"2023-02-17","Peyton Reed"
tt0831387,5,2023-04-16,"Godzilla","Godzilla",https://www.imdb.com/title/tt0831387,Movie,6.4,123,2014,"Action, Sci-Fi, Adventure, Thriller",467300,"2014-05-16","Gareth Edwards"
tt20225374,4,2023-04-16,"Vesper","Vesper",https://www.imdb.com/title/tt20225374,Movie,6.0,114,2022,"Drama, Sci-Fi, Adventure, Thriller",27396,"2022-09-30","Kristina Buozyte,Bruno Samper"
tt2103281,7,2023-04-16,"Dawn of the Planet of the Apes","Dawn of the Planet of the Apes",https://www.imdb.com/title/tt2103281,Movie,7.6,130,2014,"Action, Adventure, Drama, Sci-Fi, Thriller",514145,"2014-07-11","Matt Reeves"
tt0133152,5,2023-04-16,"Planet of the Apes","Planet of the Apes",https://www.imdb.com/title/tt0133152,Movie,5.7,120,2001,"Adventure, Thriller, Sci-Fi, Action",242837,"2001-07-27","Tim Burton"
tt3450958,7,2023-04-16,"War for the Planet of the Apes","War for the Planet of the Apes",https://www.imdb.com/title/tt3450958,Movie,7.4,140,2017,"Action, Drama, Sci-Fi, Adventure, Thriller",329255,"2017-07-14","Matt Reeves"
tt8093700,7,2023-03-19,"The Woman King","The Woman King",https://www.imdb.com/title/tt8093700,Movie,6.9,135,2022,"Drama, History, Action",83966,"2022-09-16","Gina Prince-Bythewood"
tt6560040,6,2023-03-17,"The Forest","La forêt",https://www.imdb.com/title/tt6560040,TV Mini Series,7.2,52,2017,"Crime, Drama",15168,"2018-06-29",
tt3581920,7,2023-03-16,"The Last of Us","The Last of Us",https://www.imdb.com/title/tt3581920,TV Series,8.4,50,2023,"Adventure, Horror, Drama, Thriller, Sci-Fi, Action",746598,"2023-01-15",
tt2560140,10,2023-03-16,"Attack on Titan","Shingeki no kyojin",https://www.imdb.com/title/tt2560140,TV Series,9.1,24,2013,"Animation, Fantasy, Horror, Adventure, Drama, Action",737889,"2013-09-28",
tt5691670,6,2023-03-12,"Under the Silver Lake","Under the Silver Lake",https://www.imdb.com/title/tt5691670,Movie,6.5,139,2018,"Crime, Thriller, Mystery",62160,"2019-04-19","David Robert Mitchell"
tt0113247,7,2023-03-12,"La haine","La haine",https://www.imdb.com/title/tt0113247,Movie,8.1,98,1995,"Crime, Drama",230230,"1996-02-23","Mathieu Kassovitz"
tt0093894,6,2023-03-12,"The Running Man","The Running Man",https://www.imdb.com/title/tt0093894,Movie,6.6,101,1987,"Thriller, Sci-Fi, Action",192819,"1987-11-13","Paul Michael Glaser"
tt3569230,4,2023-03-08,"Legend","Legend",https://www.imdb.com/title/tt3569230,Movie,6.9,132,2015,"Thriller, Biography, Crime, Drama",225979,"2015-11-20","Brian Helgeland"
tt5073642,6,2023-03-01,"Color Out of Space","Color Out of Space",https://www.imdb.com/title/tt5073642,Movie,6.1,111,2019,"Horror, Sci-Fi, Mystery, Thriller",65768,"2020-02-25","Richard Stanley"
tt5249462,8,2023-02-25,"Erased","Boku dake ga inai machi",https://www.imdb.com/title/tt5249462,TV Mini Series,8.4,22,2016,"Animation, Drama, Mystery, Sci-Fi, Thriller, Fantasy, Crime",76236,"2016-01-08",
tt0399295,7,2023-02-22,"Lord of War","Lord of War",https://www.imdb.com/title/tt0399295,Movie,7.6,122,2005,"Crime, Drama",361738,"2005-09-16","Andrew Niccol"
tt0119643,6,2023-02-18,"Meet Joe Black","Meet Joe Black",https://www.imdb.com/title/tt0119643,Movie,7.2,178,1998,"Drama, Romance, Fantasy",302161,"1998-11-13","Martin Brest"
tt5616334,4,2023-02-12,"Kabaneri of the Iron Fortress: Iron Fortress","Kôtetsujô no Kabaneri: Iron Fortress",https://www.imdb.com/title/tt5616334,TV Episode,7.2,22,2016,"Animation, Action, Drama, Fantasy, Adventure, Horror",275,"2016-07-01","Hironori Aoyagi,Tetsurō Araki,Takayuki Hirao,Hiroyuki Tanaka"
tt5556656,5,2023-02-12,"Kabaneri of the Iron Fortress","Kôtetsujô no Kabaneri",https://www.imdb.com/title/tt5556656,TV Series,7.2,23,2016,"Animation, Action, Drama, Fantasy, Adventure, Horror",8154,"2024-04-07",
tt0995941,4,2023-02-04,"Darker Than Black","Darker Than Black: Kuro no keiyakusha",https://www.imdb.com/title/tt0995941,TV Series,7.7,24,2007,"Animation, Action, Sci-Fi, Horror, Thriller, Fantasy, Drama, Mystery, Crime",13508,"2007-04-06",
tt0213338,4,2023-02-04,"Cowboy Bebop","Kaubôi bibappu",https://www.imdb.com/title/tt0213338,TV Series,8.9,24,1998,"Animation, Action, Drama, Comedy, Sci-Fi, Adventure",172236,"2001-09-02",
tt0318871,5,2023-02-04,"Berserk","Kenpuu Denki Berserk",https://www.imdb.com/title/tt0318871,TV Series,8.8,23,1997,"Animation, Adventure, Fantasy, Horror, Action, Drama, Romance",81825,"2002-05-28",
tt14500888,7,2023-02-03,"The Last of Us: Long, Long Time","The Last of Us: Long, Long Time",https://www.imdb.com/title/tt14500888,TV Episode,8.1,76,2023,"Adventure, Horror, Drama, Thriller, Sci-Fi, Action",241642,"2023-01-29","Peter Hoar"
tt14500884,10,2023-02-03,"The Last of Us: Infected","The Last of Us: Infected",https://www.imdb.com/title/tt14500884,TV Episode,9.0,53,2023,"Adventure, Horror, Drama, Thriller, Sci-Fi, Action",111968,"2023-01-22","Neil Druckmann"
tt11957006,10,2023-02-03,"The Last of Us: When You're Lost in the Darkness","The Last of Us: When You're Lost in the Darkness",https://www.imdb.com/title/tt11957006,TV Episode,9.1,81,2023,"Adventure, Horror, Drama, Thriller, Sci-Fi, Action",123896,"2023-01-15","Craig Mazin"
tt13822738,5,2023-01-09,"The Takedown","Loin du périph",https://www.imdb.com/title/tt13822738,Movie,5.8,119,2022,"Action, Comedy, Crime, Drama",9749,"2022-05-06","Louis Leterrier"
tt1910272,6,2023-01-06,"Steins; Gate","Steins; Gate",https://www.imdb.com/title/tt1910272,TV Series,8.8,24,2011,"Animation, Sci-Fi, Thriller, Comedy, Drama, Romance, Mystery",95408,"2011-04-06",
tt1751634,6,2022-11-30,"The Sandman","The Sandman",https://www.imdb.com/title/tt1751634,TV Series,7.6,45,2022,"Mystery, Drama, Horror, Sci-Fi, Fantasy",211420,"2022-08-05",
tt7949218,5,2022-11-30,"See","See",https://www.imdb.com/title/tt7949218,TV Series,7.6,60,2019,"Drama, Sci-Fi, Action",111948,"2019-11-01",
tt0062794,6,2022-11-03,"Charly","Charly",https://www.imdb.com/title/tt0062794,Movie,6.9,103,1968,"Romance, Sci-Fi, Drama",7833,"1968-09-23","Ralph Nelson"
tt10954984,6,2022-09-18,"Nope","Nope",https://www.imdb.com/title/tt10954984,Movie,6.8,130,2022,"Horror, Sci-Fi, Mystery, Thriller",321408,"2022-07-22","Jordan Peele"
tt7144666,8,2022-07-28,"The Black Phone","The Black Phone",https://www.imdb.com/title/tt7144666,Movie,6.9,103,2021,"Horror, Thriller, Mystery",269906,"2022-06-24","Scott Derrickson"
tt10426916,6,2022-07-23,"Simply Black","Tout simplement noir",https://www.imdb.com/title/tt10426916,Movie,6.4,90,2020,"Comedy",2817,"2020-07-08","John Wax,Jean-Pascal Zadi"
tt9421200,5,2022-07-23,"A Perfect Enemy","A Perfect Enemy",https://www.imdb.com/title/tt9421200,Movie,5.5,89,2020,"Thriller, Drama",4193,"2021-06-11","Kike Maíllo"
tt5918982,6,2022-06-21,"Possessor","Possessor",https://www.imdb.com/title/tt5918982,Movie,6.5,103,2020,"Thriller, Sci-Fi, Horror, Mystery",54764,"2020-10-02","Brandon Cronenberg"
tt8633464,4,2022-06-21,"After Yang","After Yang",https://www.imdb.com/title/tt8633464,Movie,6.6,96,2021,"Drama, Sci-Fi",26615,"2022-03-04","Kogonada"
tt11138512,6,2022-06-16,"The Northman","The Northman",https://www.imdb.com/title/tt11138512,Movie,7.0,137,2022,"Drama, Adventure, Thriller, Action, History, Fantasy",304627,"2022-04-22","Robert Eggers"
tt4034354,5,2022-06-14,"Swiss Army Man","Swiss Army Man",https://www.imdb.com/title/tt4034354,Movie,6.9,97,2016,"Drama, Comedy, Fantasy, Romance",142277,"2016-07-01","Daniel Kwan,Daniel Scheinert"
tt0086979,6,2022-06-09,"Blood Simple","Blood Simple",https://www.imdb.com/title/tt0086979,Movie,7.5,99,1984,"Crime, Drama, Thriller",114784,"1985-01-18","Joel Coen,Ethan Coen"
tt7740496,6,2022-06-09,"Nightmare Alley","Nightmare Alley",https://www.imdb.com/title/tt7740496,Movie,7.0,150,2021,"Drama, Thriller, Crime",184057,"2021-12-17","Guillermo del Toro"
tt13872248,6,2022-06-01,"The Sadness","Ku bei",https://www.imdb.com/title/tt13872248,Movie,6.5,99,2021,"Horror, Thriller",27482,"2022-05-12","Rob Jabbaz"
tt10944760,6,2022-06-01,"Titane","Titane",https://www.imdb.com/title/tt10944760,Movie,6.4,108,2021,"Drama, Thriller, Sci-Fi, Horror",67312,"2021-10-01","Julia Ducournau"
tt0116225,5,2022-05-28,"Escape from L.A.","Escape from L.A.",https://www.imdb.com/title/tt0116225,Movie,5.7,101,1996,"Thriller, Sci-Fi, Adventure, Action",86652,"1996-08-09","John Carpenter"
tt6710474,7,2022-05-27,"Everything Everywhere All at Once","Everything Everywhere All at Once",https://www.imdb.com/title/tt6710474,Movie,7.7,139,2022,"Sci-Fi, Adventure, Comedy, Fantasy, Action, Drama",658240,"2022-04-08","Daniel Kwan,Daniel Scheinert"
tt5834262,6,2022-05-27,"Hotel Artemis","Hotel Artemis",https://www.imdb.com/title/tt5834262,Movie,6.1,94,2018,"Thriller, Action, Drama, Crime, Sci-Fi",62892,"2018-06-08","Drew Pearce"
tt12412888,6,2022-05-15,"Sonic the Hedgehog 2","Sonic the Hedgehog 2",https://www.imdb.com/title/tt12412888,Movie,6.5,122,2022,"Action, Adventure, Comedy, Sci-Fi, Family, Fantasy",118735,"2022-04-08","Jeff Fowler"
tt10234724,5,2022-05-04,"Moon Knight","Moon Knight",https://www.imdb.com/title/tt10234724,TV Mini Series,7.3,50,2022,"Action, Adventure, Fantasy",317067,"2022-03-30",
tt4028464,7,2022-03-04,"The Innocents","De uskyldige",https://www.imdb.com/title/tt4028464,Movie,7.0,117,2021,"Thriller, Drama, Horror, Fantasy",30308,"2021-09-03","Eskil Vogt"
tt9806192,4,2022-01-16,"I Lost My Body","J'ai perdu mon corps",https://www.imdb.com/title/tt9806192,Movie,7.5,81,2019,"Animation, Drama, Fantasy, Romance",38981,"2019-11-15","Jérémy Clapin"
tt9032400,5,2022-01-11,"Eternals","Eternals",https://www.imdb.com/title/tt9032400,Movie,6.2,156,2021,"Action, Fantasy, Sci-Fi, Adventure",433678,"2021-11-05","Chloé Zhao"
tt11905962,6,2022-01-11,"Sputnik","Sputnik",https://www.imdb.com/title/tt11905962,Movie,6.4,113,2020,"Sci-Fi, Horror, Drama, Thriller, Mystery",30471,"2020-07-24","Egor Abramenko"
tt7737528,6,2022-01-11,"Kate","Kate",https://www.imdb.com/title/tt7737528,Movie,6.3,106,2021,"Action, Thriller, Adventure, Crime, Drama",77663,"2021-09-10","Cedric Nicolas-Troyan"
tt4513678,4,2022-01-06,"Ghostbusters: Afterlife","Ghostbusters: Afterlife",https://www.imdb.com/title/tt4513678,Movie,7.0,124,2021,"Comedy, Fantasy, Adventure, Sci-Fi",242677,"2021-11-19","Jason Reitman"
tt10838180,1,2021-12-23,"The Matrix Resurrections","The Matrix Resurrections",https://www.imdb.com/title/tt10838180,Movie,5.6,148,2021,"Action, Sci-Fi",305624,"2021-12-22","Lana Wachowski"
tt0100503,1,2021-12-22,"Robot Ninja","Robot Ninja",https://www.imdb.com/title/tt0100503,Movie,4.3,82,1989,"Horror, Action, Drama, Fantasy, Sci-Fi",686,"1989-12-04","J.R. Bookwalter"
tt0292506,6,2021-12-21,"The Recruit","The Recruit",https://www.imdb.com/title/tt0292506,Movie,6.6,115,2003,"Action, Thriller",147965,"2003-01-31","Roger Donaldson"
tt0120768,7,2021-12-21,"The Negotiator","The Negotiator",https://www.imdb.com/title/tt0120768,Movie,7.3,140,1998,"Crime, Mystery, Action, Drama, Thriller",169890,"1998-07-29","F. Gary Gray"
tt0122690,7,2021-12-21,"Ronin","Ronin",https://www.imdb.com/title/tt0122690,Movie,7.2,122,1998,"Crime, Thriller, Action",209329,"1998-09-25","John Frankenheimer"
tt0167260,7,2021-12-10,"The Lord of the Rings: The Return of the King","The Lord of the Rings: The Return of the King",https://www.imdb.com/title/tt0167260,Movie,9.0,201,2003,"Drama, Adventure, Fantasy",2184700,"2003-12-17","Peter Jackson"
tt0167261,7,2021-12-10,"The Lord of the Rings: The Two Towers","The Lord of the Rings: The Two Towers",https://www.imdb.com/title/tt0167261,Movie,8.8,179,2002,"Drama, Adventure, Fantasy",1975982,"2002-12-18","Peter Jackson"
tt0102926,7,2021-12-10,"The Silence of the Lambs","The Silence of the Lambs",https://www.imdb.com/title/tt0102926,Movie,8.6,118,1991,"Crime, Drama, Horror, Thriller",1741373,"1991-02-14","Jonathan Demme"
tt0118799,6,2021-12-10,"Life Is Beautiful","La vita è bella",https://www.imdb.com/title/tt0118799,Movie,8.6,116,1997,"Comedy, War, Romance, Drama",819788,"1997-12-20","Roberto Benigni"
tt0120689,7,2021-12-10,"The Green Mile","The Green Mile",https://www.imdb.com/title/tt0120689,Movie,8.6,189,1999,"Crime, Fantasy, Mystery, Drama",1578097,"1999-12-10","Frank Darabont"
tt0103064,10,2021-12-10,"Terminator 2: Judgment Day","Terminator 2: Judgment Day",https://www.imdb.com/title/tt0103064,Movie,8.6,137,1991,"Adventure, Sci-Fi, Action",1295052,"1991-07-03","James Cameron"
tt0114814,10,2021-12-10,"The Usual Suspects","The Usual Suspects",https://www.imdb.com/title/tt0114814,Movie,8.5,106,1995,"Drama, Crime, Mystery, Thriller",1248912,"1995-08-16","Bryan Singer"
tt0078748,7,2021-12-10,"Alien","Alien",https://www.imdb.com/title/tt0078748,Movie,8.4,117,1979,"Horror, Sci-Fi",1072908,"1979-06-22","Ridley Scott"
tt1853728,8,2021-12-10,"Django Unchained","Django Unchained",https://www.imdb.com/title/tt1853728,Movie,8.5,165,2012,"Western, Drama",1905271,"2012-12-25","Quentin Tarantino"
tt0910970,8,2021-12-10,"WALL·E","WALL·E",https://www.imdb.com/title/tt0910970,Movie,8.4,98,2008,"Animation, Sci-Fi, Adventure, Family",1336043,"2008-06-27","Andrew Stanton"
tt0120915,3,2021-12-10,"Star Wars: Episode I - The Phantom Menace","Star Wars: Episode I - The Phantom Menace",https://www.imdb.com/title/tt0120915,Movie,6.5,136,1999,"Fantasy, Sci-Fi, Adventure, Action",935843,"1999-05-19","George Lucas"
tt0121766,6,2021-12-10,"Star Wars: Episode III - Revenge of the Sith","Star Wars: Episode III - Revenge of the Sith",https://www.imdb.com/title/tt0121766,Movie,7.7,140,2005,"Fantasy, Adventure, Sci-Fi, Action",931039,"2005-05-19","George Lucas"
tt0121765,6,2021-12-10,"Star Wars: Episode II - Attack of the Clones","Star Wars: Episode II - Attack of the Clones",https://www.imdb.com/title/tt0121765,Movie,6.6,142,2002,"Fantasy, Sci-Fi, Adventure, Action",828796,"2002-05-16","George Lucas"
tt3605418,7,2021-12-10,"Knock Knock","Knock Knock",https://www.imdb.com/title/tt3605418,Movie,4.9,99,2015,"Thriller, Crime",116507,"2015-10-09","Eli Roth"
tt7161846,5,2021-12-10,"Retro Wick: Exploring the Unexpected Success of 'John Wick'","Retro Wick: Exploring the Unexpected Success of 'John Wick'",https://www.imdb.com/title/tt7161846,Video,7.6,5,2017,"Documentary, Short",14522,"2017-06-13","Josh Oreck"
tt10168312,7,2021-12-10,"What If...?","What If...?",https://www.imdb.com/title/tt10168312,TV Series,7.3,32,2021,"Animation, Action, Adventure, Sci-Fi",162266,"2021-08-11",
tt9376612,6,2021-12-10,"Shang-Chi and the Legend of the Ten Rings","Shang-Chi and the Legend of the Ten Rings",https://www.imdb.com/title/tt9376612,Movie,7.3,132,2021,"Action, Adventure, Fantasy, Sci-Fi",497335,"2021-09-03","Destin Daniel Cretton"
tt0364569,9,2021-12-10,"Oldboy","Oldeuboi",https://www.imdb.com/title/tt0364569,Movie,8.3,120,2003,"Mystery, Thriller, Action, Drama",728420,"2003-11-21","Park Chan-wook"
tt7097896,2,2021-11-24,"Venom: Let There Be Carnage","Venom: Let There Be Carnage",https://www.imdb.com/title/tt7097896,Movie,5.9,97,2021,"Action, Thriller, Sci-Fi, Adventure, Fantasy, Horror, Crime",309114,"2021-10-01","Andy Serkis"
tt0435625,8,2021-11-05,"The Descent","The Descent",https://www.imdb.com/title/tt0435625,Movie,7.2,99,2005,"Horror, Adventure, Thriller",275842,"2006-08-04","Neil Marshall"
tt0129167,7,2021-10-30,"The Iron Giant","The Iron Giant",https://www.imdb.com/title/tt0129167,Movie,8.1,86,1999,"Animation, Adventure, Action, Sci-Fi, Family",264144,"1999-08-06","Brad Bird"
tt1160419,5,2021-10-18,"Dune: Part One","Dune: Part One",https://www.imdb.com/title/tt1160419,Movie,8.0,155,2021,"Sci-Fi, Adventure, Drama, Action",1083431,"2021-10-22","Denis Villeneuve"
tt0106489,5,2021-10-13,"A Bronx Tale","A Bronx Tale",https://www.imdb.com/title/tt0106489,Movie,7.8,121,1993,"Crime, Drama",188671,"1993-10-01","Robert De Niro"
tt6990734,2,2021-10-12,"Rakka","Rakka",https://www.imdb.com/title/tt6990734,Short,7.2,22,2017,"Short, Horror, Sci-Fi, War",9761,"2017-06-14","Neill Blomkamp"
tt7078926,3,2021-10-12,"Firebase","Firebase",https://www.imdb.com/title/tt7078926,Short,7.0,27,2017,"Short, Sci-Fi, Horror, War",5417,"2017-06-28","Neill Blomkamp"
tt1528071,7,2021-10-11,"Horns","Horns",https://www.imdb.com/title/tt1528071,Movie,6.4,120,2013,"Fantasy, Thriller, Comedy, Mystery, Horror",92317,"2014-10-03","Alexandre Aja"
tt15523010,5,2021-10-10,"Dave Chappelle: The Closer","Dave Chappelle: The Closer",https://www.imdb.com/title/tt15523010,TV Special,7.9,72,2021,"Comedy",29773,"2021-10-05","Stan Lathan"
tt9243804,3,2021-09-12,"The Green Knight","The Green Knight",https://www.imdb.com/title/tt9243804,Movie,6.5,130,2021,"Fantasy, Drama, Adventure",133533,"2021-07-30","David Lowery"
tt0361748,9,2021-09-12,"Inglourious Basterds","Inglourious Basterds",https://www.imdb.com/title/tt0361748,Movie,8.4,153,2009,"War, Drama",1809444,"2009-08-21","Quentin Tarantino"
tt0265208,6,2021-09-12,"The Girl Next Door","The Girl Next Door",https://www.imdb.com/title/tt0265208,Movie,6.7,109,2004,"Drama, Romance, Comedy",266008,"2004-04-09","Luke Greenfield"
tt6320628,6,2021-09-12,"Spider-Man: Far from Home","Spider-Man: Far from Home",https://www.imdb.com/title/tt6320628,Movie,7.3,129,2019,"Action, Adventure, Sci-Fi, Comedy, Fantasy",665572,"2019-07-02","Jon Watts"
tt0090305,7,2021-09-01,"Weird Science","Weird Science",https://www.imdb.com/title/tt0090305,Movie,6.6,94,1985,"Sci-Fi, Romance, Comedy",106501,"1985-08-02","John Hughes"
tt0468569,7,2021-08-01,"The Dark Knight","The Dark Knight",https://www.imdb.com/title/tt0468569,Movie,9.1,152,2008,"Crime, Thriller",3210893,"2008-07-18","Christopher Nolan"
tt3480822,5,2021-07-10,"Black Widow","Black Widow",https://www.imdb.com/title/tt3480822,Movie,6.6,134,2021,"Action, Adventure, Sci-Fi",485469,"2021-07-09","Cate Shortland"
tt0107290,9,2021-06-11,"Jurassic Park","Jurassic Park",https://www.imdb.com/title/tt0107290,Movie,8.2,127,1993,"Sci-Fi, Adventure",1193527,"1993-06-11","Steven Spielberg"
tt4052882,6,2021-06-11,"The Shallows","The Shallows",https://www.imdb.com/title/tt4052882,Movie,6.3,86,2016,"Thriller, Drama, Horror",154788,"2016-06-24","Jaume Collet-Serra"
tt0813715,5,2021-06-10,"Heroes","Heroes",https://www.imdb.com/title/tt0813715,TV Series,7.5,45,2006,"Drama, Sci-Fi, Thriller, Fantasy, Crime, Mystery",263470,"2006-09-25",
tt0134847,5,2021-06-10,"Pitch Black","Pitch Black",https://www.imdb.com/title/tt0134847,Movie,7.0,109,2000,"Thriller, Sci-Fi, Horror",265509,"2000-02-18","David Twohy"
tt4062536,9,2021-06-09,"Green Room","Green Room",https://www.imdb.com/title/tt4062536,Movie,6.9,95,2015,"Horror, Thriller",155081,"2016-05-13","Jeremy Saulnier"
tt10919380,4,2021-06-08,"Freaky","Freaky",https://www.imdb.com/title/tt10919380,Movie,6.3,102,2020,"Thriller, Horror, Comedy",82752,"2020-11-13","Christopher Landon"
tt6803046,7,2021-06-07,"The Vast of Night","The Vast of Night",https://www.imdb.com/title/tt6803046,Movie,6.7,91,2019,"Mystery, Sci-Fi, Thriller, Drama",50882,"2020-05-29","Andrew Patterson"
tt0302886,10,2021-05-22,"Old School","Old School",https://www.imdb.com/title/tt0302886,Movie,7.0,88,2003,"Comedy",257713,"2003-02-21","Todd Phillips"
tt10288566,7,2021-05-22,"Another Round","Druk",https://www.imdb.com/title/tt10288566,Movie,7.7,117,2020,"Drama, Comedy",229541,"2020-12-18","Thomas Vinterberg"
tt2209418,6,2021-05-21,"Before Midnight","Before Midnight",https://www.imdb.com/title/tt2209418,Movie,7.9,109,2013,"Drama, Romance",187651,"2013-06-14","Richard Linklater"
tt3575442,6,2021-05-21,"Mouse-X","Mouse-X",https://www.imdb.com/title/tt3575442,Short,6.9,15,2014,"Short, Mystery, Sci-Fi",978,"2014-04-26","Justin Tagg"
tt0381681,6,2021-05-16,"Before Sunset","Before Sunset",https://www.imdb.com/title/tt0381681,Movie,8.1,80,2004,"Drama, Romance",318511,"2004-07-30","Richard Linklater"
tt0112471,8,2021-05-15,"Before Sunrise","Before Sunrise",https://www.imdb.com/title/tt0112471,Movie,8.1,101,1995,"Comedy, Romance, Drama",382367,"1995-01-27","Richard Linklater"
tt0825232,6,2021-05-13,"The Bucket List","The Bucket List",https://www.imdb.com/title/tt0825232,Movie,7.3,97,2007,"Comedy, Drama, Adventure",274296,"2008-01-11","Rob Reiner"
tt0130236,7,2021-05-13,"Samurai Cop","Samurai Cop",https://www.imdb.com/title/tt0130236,Movie,4.5,96,1991,"Action, Thriller, Crime",11516,"2016-04-30","Amir Shervan"
tt2321502,5,2021-05-09,"Uncanny","Uncanny",https://www.imdb.com/title/tt2321502,Movie,6.2,85,2015,"Sci-Fi, Thriller, Drama, Horror",6295,"2016-06-22","Matthew Leutwyler"
tt1379182,5,2021-05-07,"Dogtooth","Kynodontas",https://www.imdb.com/title/tt1379182,Movie,7.1,97,2009,"Drama, Thriller",124465,"2009-11-11","Yorgos Lanthimos"
tt0762073,5,2021-05-06,"Thirst","Bakjwi",https://www.imdb.com/title/tt0762073,Movie,7.1,134,2009,"Horror, Drama, Romance, Fantasy",55554,"2009-04-30","Park Chan-wook"
tt0096256,6,2021-05-03,"They Live","They Live",https://www.imdb.com/title/tt0096256,Movie,7.2,94,1988,"Thriller, Action, Horror, Sci-Fi",166165,"1988-11-04","John Carpenter"
tt7946422,5,2021-05-02,"Prospect","Prospect",https://www.imdb.com/title/tt7946422,Movie,6.3,100,2018,"Sci-Fi, Drama, Thriller, Adventure",41086,"2018-11-02","Christopher Caldwell,Zeek Earl"
tt10016180,6,2021-04-30,"The Little Things","The Little Things",https://www.imdb.com/title/tt10016180,Movie,6.3,128,2021,"Thriller, Crime, Drama, Mystery",144234,"2021-01-29","John Lee Hancock"
tt6738136,4,2021-04-29,"Revenge","Revenge",https://www.imdb.com/title/tt6738136,Movie,6.4,108,2017,"Action, Thriller, Drama, Horror",66284,"2018-05-11","Coralie Fargeat"
tt1386691,6,2021-04-27,"Shimmer Lake","Shimmer Lake",https://www.imdb.com/title/tt1386691,Movie,6.3,86,2017,"Crime, Drama, Mystery, Thriller, Action, Horror, Romance, Comedy",17972,"2017-06-09","Oren Uziel"
tt11388406,5,2021-04-26,"Horse Girl","Horse Girl",https://www.imdb.com/title/tt11388406,Movie,6.0,103,2020,"Drama, Mystery, Thriller",22071,"2020-02-07","Jeff Baena"
tt7888964,6,2021-04-26,"Nobody","Nobody",https://www.imdb.com/title/tt7888964,Movie,7.4,92,2021,"Action, Crime, Thriller, Drama",401812,"2021-03-26","Ilya Naishuller"
tt7638348,5,2021-04-23,"Boss Level","Boss Level",https://www.imdb.com/title/tt7638348,Movie,6.8,100,2020,"Thriller, Action, Adventure, Comedy, Mystery, Sci-Fi",91333,"2021-03-05","Joe Carnahan"
tt1821641,4,2021-04-22,"The Congress","The Congress",https://www.imdb.com/title/tt1821641,Movie,6.4,122,2013,"Animation, Sci-Fi, Drama",20918,"2014-07-24","Ari Folman"
tt8980602,7,2021-04-19,"The Kid Detective","The Kid Detective",https://www.imdb.com/title/tt8980602,Movie,7.0,100,2020,"Comedy, Drama, Mystery, Crime",26519,"2020-10-16","Evan Morgan"
tt1937149,6,2021-04-18,"The Body","El cuerpo",https://www.imdb.com/title/tt1937149,Movie,7.6,112,2012,"Thriller, Mystery, Crime, Drama",80192,"2012-12-21","Oriol Paulo"
tt0800156,8,2021-04-17,"Paradox","Paradox",https://www.imdb.com/title/tt0800156,Short,6.8,19,2006,"Short, Thriller, Drama",1065,"2006-03-20","Jeremy Haccoun"
tt1757746,7,2021-04-17,"Extracted","Extracted",https://www.imdb.com/title/tt1757746,Movie,6.4,89,2012,"Sci-Fi, Drama",12839,"2013-09-09","Nir Paniry"
tt11655202,7,2021-04-16,"Riders of Justice","Retfærdighedens ryttere",https://www.imdb.com/title/tt11655202,Movie,7.5,116,2020,"Comedy, Action, Drama, Thriller",77151,"2021-05-21","Anders Thomas Jensen"
tt1340138,3,2021-04-08,"Terminator Genisys","Terminator Genisys",https://www.imdb.com/title/tt1340138,Movie,6.3,126,2015,"Action, Adventure, Sci-Fi, Thriller",309278,"2015-07-01","Alan Taylor"
tt0107048,9,2021-04-08,"Groundhog Day","Groundhog Day",https://www.imdb.com/title/tt0107048,Movie,8.0,101,1993,"Fantasy, Drama, Romance, Comedy",739531,"1993-02-12","Harold Ramis"
tt0246578,10,2021-04-08,"Donnie Darko","Donnie Darko",https://www.imdb.com/title/tt0246578,Movie,8.0,113,2001,"Sci-Fi, Thriller, Mystery, Drama",917468,"2001-01-19","Richard Kelly"
tt0038650,6,2021-04-08,"It's a Wonderful Life","It's a Wonderful Life",https://www.imdb.com/title/tt0038650,Movie,8.6,130,1946,"Family, Fantasy, Romance, Drama",557640,"1947-01-07","Frank Capra"
tt11252440,5,2021-04-08,"Psycho Goreman","Psycho Goreman",https://www.imdb.com/title/tt11252440,Movie,6.3,95,2020,"Sci-Fi, Comedy, Horror",17193,"2020-09-10","Steven Kostanski"
tt5034838,2,2021-04-01,"Godzilla vs. Kong","Godzilla vs. Kong",https://www.imdb.com/title/tt5034838,Movie,6.3,113,2021,"Sci-Fi, Action, Thriller",269929,"2021-03-31","Adam Wingard"
tt5363618,6,2021-03-24,"Sound of Metal","Sound of Metal",https://www.imdb.com/title/tt5363618,Movie,7.7,120,2019,"Drama, Music",188120,"2020-12-04","Darius Marder"
tt2756032,6,2021-03-19,"The One I Love","The One I Love",https://www.imdb.com/title/tt2756032,Movie,7.0,91,2014,"Drama, Sci-Fi, Comedy, Romance, Thriller, Fantasy, Mystery",47709,"2014-08-08","Charlie McDowell"
tt2400463,5,2021-03-18,"The Invitation","The Invitation",https://www.imdb.com/title/tt2400463,Movie,6.6,100,2015,"Thriller, Drama, Mystery, Horror",130718,"2016-04-08","Karyn Kusama"
tt4477292,6,2021-03-14,"Cosmos","Cosmos",https://www.imdb.com/title/tt4477292,Movie,6.0,128,2019,"Sci-Fi, Mystery, Adventure",7586,"2019-11-08","Elliot Weaver,Zander Weaver"
tt0104257,6,2021-03-14,"A Few Good Men","A Few Good Men",https://www.imdb.com/title/tt0104257,Movie,7.8,138,1992,"Thriller, Drama",320411,"1992-12-11","Rob Reiner"
tt7939766,1,2021-03-08,"I'm Thinking of Ending Things","I'm Thinking of Ending Things",https://www.imdb.com/title/tt7939766,Movie,6.5,134,2020,"Drama, Thriller",111606,"2020-09-04","Charlie Kaufman"
tt2051879,6,2021-03-07,"Europa Report","Europa Report",https://www.imdb.com/title/tt2051879,Movie,6.4,90,2013,"Sci-Fi, Thriller, Drama, Mystery",79931,"2013-06-27","Sebastián Cordero"
tt8743064,4,2021-03-07,"See You Yesterday","See You Yesterday",https://www.imdb.com/title/tt8743064,Movie,5.3,84,2019,"Sci-Fi, Action, Adventure, Crime, Drama, Thriller",12314,"2019-05-17","Stefon Bristol"
tt1748207,5,2021-03-07,"Sound of My Voice","Sound of My Voice",https://www.imdb.com/title/tt1748207,Movie,6.5,85,2011,"Drama, Mystery, Sci-Fi, Thriller",23940,"2012-08-03","Zal Batmanglij"
tt9620292,8,2021-03-07,"Promising Young Woman","Promising Young Woman",https://www.imdb.com/title/tt9620292,Movie,7.5,113,2020,"Crime, Drama, Thriller, Mystery",257987,"2020-12-25","Emerald Fennell"
tt9016974,5,2021-03-07,"Synchronic","Synchronic",https://www.imdb.com/title/tt9016974,Movie,6.2,102,2019,"Sci-Fi, Thriller, Drama, Horror, Mystery",46751,"2020-10-23","Justin Benson,Aaron Moorhead"
tt6467482,7,2021-03-04,"La Mante","La Mante",https://www.imdb.com/title/tt6467482,TV Mini Series,7.4,52,2017,"Crime, Drama, Thriller",14991,"2017-08-28",
tt1677720,5,2021-02-18,"Ready Player One","Ready Player One",https://www.imdb.com/title/tt1677720,Movie,7.4,140,2018,"Sci-Fi, Action, Adventure",548698,"2018-03-29","Steven Spielberg"
tt0437086,5,2021-02-18,"Alita: Battle Angel","Alita: Battle Angel",https://www.imdb.com/title/tt0437086,Movie,7.3,122,2019,"Sci-Fi, Action, Thriller, Adventure",326243,"2019-02-14","Robert Rodriguez"
tt2948372,6,2021-02-10,"Soul","Soul",https://www.imdb.com/title/tt2948372,Movie,8.0,100,2020,"Animation, Family, Adventure, Fantasy, Music, Comedy, Drama",455598,"2020-12-25","Pete Docter,Kemp Powers"
tt5710974,6,2021-02-07,"Black Mirror: USS Callister","Black Mirror: USS Callister",https://www.imdb.com/title/tt5710974,TV Episode,8.3,76,2017,"Drama, Thriller, Sci-Fi, Mystery, Crime",70684,"2017-12-29","Toby Haynes"
tt5709250,5,2021-02-07,"Black Mirror: Arkangel","Black Mirror: Arkangel",https://www.imdb.com/title/tt5709250,TV Episode,7.3,52,2017,"Drama, Thriller, Sci-Fi, Mystery, Crime",52864,"2017-12-29","Jodie Foster"
tt5710976,9,2021-02-07,"Black Mirror: Crocodile","Black Mirror: Crocodile",https://www.imdb.com/title/tt5710976,TV Episode,7.3,59,2017,"Drama, Thriller, Sci-Fi, Mystery, Crime",50093,"2017-12-29","John Hillcoat"
tt5710978,6,2021-02-07,"Black Mirror: Hang the DJ","Black Mirror: Hang the DJ",https://www.imdb.com/title/tt5710978,TV Episode,8.7,51,2017,"Drama, Thriller, Sci-Fi, Mystery, Crime",70131,"2017-12-29","Timothy Van Patten"
tt5710984,6,2021-02-07,"Black Mirror: Metalhead","Black Mirror: Metalhead",https://www.imdb.com/title/tt5710984,TV Episode,6.6,41,2017,"Drama, Thriller, Sci-Fi, Mystery, Crime",47702,"2017-12-29","David Slade"
tt5058700,9,2021-02-07,"Black Mirror: Black Museum","Black Mirror: Black Museum",https://www.imdb.com/title/tt5058700,TV Episode,8.6,69,2017,"Drama, Thriller, Sci-Fi, Mystery, Crime",59339,"2017-12-29","Colm McCarthy"
tt8503298,8,2021-02-07,"Black Mirror: Striking Vipers","Black Mirror: Striking Vipers",https://www.imdb.com/title/tt8503298,TV Episode,6.8,61,2019,"Drama, Thriller, Sci-Fi, Mystery, Crime",52788,"2019-06-05","Owen Harris"
tt8758202,7,2021-02-07,"Black Mirror: Smithereens","Black Mirror: Smithereens",https://www.imdb.com/title/tt8758202,TV Episode,7.5,70,2019,"Drama, Thriller, Sci-Fi, Mystery, Crime",48091,"2019-06-05","James Hawes"
tt2085059,8,2021-02-07,"Black Mirror","Black Mirror",https://www.imdb.com/title/tt2085059,TV Series,8.7,60,2011,"Drama, Thriller, Sci-Fi, Mystery, Crime",745411,"2011-12-04",
tt9053874,4,2021-02-07,"Black Mirror: Rachel, Jack and Ashley Too","Black Mirror: Rachel, Jack and Ashley Too",https://www.imdb.com/title/tt9053874,TV Episode,6.1,67,2019,"Drama, Thriller, Sci-Fi, Mystery, Crime",48236,"2019-06-05","Anne Sewitsky"
tt7221388,9,2021-01-18,"Cobra Kai","Cobra Kai",https://www.imdb.com/title/tt7221388,TV Series,8.4,30,2018,"Action, Drama, Comedy, Sport",245632,"2018-05-02",
tt1489887,4,2021-01-06,"Booksmart","Booksmart",https://www.imdb.com/title/tt1489887,Movie,7.1,102,2019,"Comedy",141435,"2019-05-24","Olivia Wilde"
tt3289956,7,2021-01-06,"The Autopsy of Jane Doe","The Autopsy of Jane Doe",https://www.imdb.com/title/tt3289956,Movie,6.8,86,2016,"Horror, Mystery, Thriller",167769,"2016-12-21","André Øvredal"
tt6882604,5,2021-01-06,"Archive","Archive",https://www.imdb.com/title/tt6882604,Movie,6.4,109,2020,"Sci-Fi, Drama, Thriller, Mystery",30169,"2020-07-10","Gavin Rothery"
tt4255304,6,2020-12-30,"The Void","The Void",https://www.imdb.com/title/tt4255304,Movie,5.9,90,2016,"Horror, Mystery, Sci-Fi, Thriller",48213,"2017-04-07","Jeremy Gillespie,Steven Kostanski"
tt7395114,5,2020-12-29,"The Devil All the Time","The Devil All the Time",https://www.imdb.com/title/tt7395114,Movie,7.1,138,2020,"Drama, Thriller, Crime",172287,"2020-09-10","Antonio Campos"
tt10539608,6,2020-12-28,"The Midnight Sky","The Midnight Sky",https://www.imdb.com/title/tt10539608,Movie,5.7,118,2020,"Drama, Sci-Fi, Thriller, Adventure",95246,"2020-12-23","George Clooney"
tt5753856,10,2020-12-28,"Dark","Dark",https://www.imdb.com/title/tt5753856,TV Series,8.7,60,2017,"Mystery, Crime, Drama, Thriller, Sci-Fi",557450,"2017-12-01",
tt3794354,6,2020-12-28,"Sonic the Hedgehog","Sonic the Hedgehog",https://www.imdb.com/title/tt3794354,Movie,6.5,99,2020,"Action, Adventure, Sci-Fi, Comedy, Family, Fantasy",195571,"2020-02-14","Jeff Fowler"
tt7126948,5,2020-12-26,"Wonder Woman 1984","Wonder Woman 1984",https://www.imdb.com/title/tt7126948,Movie,5.3,151,2020,"Action, Adventure, Fantasy",313611,"2020-12-25","Patty Jenkins"
tt10620868,6,2020-11-28,"#Alive","#Saraitda",https://www.imdb.com/title/tt10620868,Movie,6.3,98,2020,"Drama, Action, Horror, Thriller",55979,"2020-09-08","Il Cho"
tt6905686,7,2020-11-26,"Lovecraft Country","Lovecraft Country",https://www.imdb.com/title/tt6905686,TV Series,7.1,60,2020,"Drama, Horror, Mystery, Sci-Fi, Thriller, Fantasy",51356,"2020-08-16",
tt8548830,6,2020-11-24,"Ad Vitam","Ad Vitam",https://www.imdb.com/title/tt8548830,TV Series,6.4,60,2018,"Sci-Fi, Drama, Crime, Mystery",1967,"2019-08-02",
tt0109965,3,2020-11-14,"Guyver: Dark Hero","Guyver: Dark Hero",https://www.imdb.com/title/tt0109965,Movie,5.8,127,1994,"Thriller, Horror, Sci-Fi, Action",4172,"1994-04-20","Steve Wang"
tt4682266,4,2020-11-10,"The New Mutants","The New Mutants",https://www.imdb.com/title/tt4682266,Movie,5.3,94,2020,"Action, Sci-Fi, Horror, Mystery",102891,"2020-08-28","Josh Boone"
tt0075005,6,2020-11-09,"The Omen","The Omen",https://www.imdb.com/title/tt0075005,Movie,7.5,111,1976,"Mystery, Horror",147337,"1976-06-25","Richard Donner"
tt0076299,5,2020-11-08,"The Last Wave","The Last Wave",https://www.imdb.com/title/tt0076299,Movie,6.9,106,1977,"Drama, Fantasy, Thriller, Mystery",12525,"1979-01-18","Peter Weir"
tt7806998,7,2020-10-07,"Dave Chappelle: Equanimity","Dave Chappelle: Equanimity",https://www.imdb.com/title/tt7806998,TV Special,8.1,60,2017,"Comedy",14270,"2017-12-31","Stan Lathan"
tt8005338,6,2020-10-07,"Tamborine","Chris Rock: Tamborine",https://www.imdb.com/title/tt8005338,TV Special,6.7,64,2018,"Comedy",7716,"2018-02-14","Bo Burnham"
tt1053424,6,2020-09-20,"Repo Men","Repo Men",https://www.imdb.com/title/tt1053424,Movie,6.3,111,2010,"Sci-Fi, Thriller, Action",114476,"2010-03-19","Miguel Sapochnik"
tt1631707,5,2020-08-18,"Enter Nowhere","Enter Nowhere",https://www.imdb.com/title/tt1631707,Movie,6.4,90,2011,"Mystery, Thriller, Sci-Fi",15272,"2014-04-04","Jack Heller"
tt2543164,10,2020-08-14,"Arrival","Arrival",https://www.imdb.com/title/tt2543164,Movie,7.9,116,2016,"Sci-Fi, Drama, Mystery",875158,"2016-11-11","Denis Villeneuve"
tt0470752,8,2020-08-14,"Ex Machina","Ex Machina",https://www.imdb.com/title/tt0470752,Movie,7.7,108,2014,"Drama, Sci-Fi, Thriller",643960,"2015-04-24","Alex Garland"
tt3672742,6,2020-08-01,"Turbo Kid","Turbo Kid",https://www.imdb.com/title/tt3672742,Movie,6.7,93,2015,"Action, Sci-Fi, Comedy, Adventure",31310,"2015-08-28","François Simard,Anouk Whissell,Yoann-Karl Whissell"
tt8781414,5,2020-08-01,"Freaks","Freaks",https://www.imdb.com/title/tt8781414,Movie,6.7,105,2018,"Drama, Sci-Fi, Thriller, Mystery, Fantasy",45103,"2019-09-13","Zach Lipovsky,Adam B. Stein"
tt0306414,7,2020-07-23,"The Wire","The Wire",https://www.imdb.com/title/tt0306414,TV Series,9.3,60,2002,"Thriller, Crime, Drama",436596,"2002-06-02",
tt5308322,5,2020-07-19,"Happy Death Day","Happy Death Day",https://www.imdb.com/title/tt5308322,Movie,6.6,96,2017,"Thriller, Horror, Mystery, Comedy",188245,"2017-10-13","Christopher Landon"
tt10050772,10,2020-07-06,"I Think You Should Leave with Tim Robinson","I Think You Should Leave with Tim Robinson",https://www.imdb.com/title/tt10050772,TV Series,8.1,16,2019,"Comedy",27207,"2019-04-23",
tt3890160,6,2020-07-04,"Baby Driver","Baby Driver",https://www.imdb.com/title/tt3890160,Movie,7.5,113,2017,"Action, Music, Crime, Drama, Romance, Thriller",692097,"2017-06-28","Edgar Wright"
tt0898266,5,2020-07-03,"The Big Bang Theory","The Big Bang Theory",https://www.imdb.com/title/tt0898266,TV Series,8.1,22,2007,"Comedy, Romance",943349,"2007-09-24",
tt0411008,10,2020-06-08,"Lost","Lost",https://www.imdb.com/title/tt0411008,TV Series,8.3,45,2004,"Drama, Mystery, Adventure, Thriller, Sci-Fi, Fantasy",679072,"2004-09-22",
tt0119174,10,2020-05-25,"The Game","The Game",https://www.imdb.com/title/tt0119174,Movie,7.7,129,1997,"Drama, Thriller, Mystery",475614,"1997-09-12","David Fincher"
tt2637276,6,2020-05-24,"Ted 2","Ted 2",https://www.imdb.com/title/tt2637276,Movie,6.3,115,2015,"Comedy",263987,"2015-06-26","Seth MacFarlane"
tt0200529,9,2020-05-24,"Chris Rock: Bring the Pain","Chris Rock: Bring the Pain",https://www.imdb.com/title/tt0200529,TV Special,8.2,58,1996,"Comedy",4426,"1996-06-01","Keith Truesdell"
tt0206636,9,2020-05-24,"Chris Rock: Bigger & Blacker","Chris Rock: Bigger & Blacker",https://www.imdb.com/title/tt0206636,TV Special,8.0,65,1999,"Documentary, Comedy",7807,"1999-07-10","Keith Truesdell"
tt0099685,7,2020-05-24,"GoodFellas","GoodFellas",https://www.imdb.com/title/tt0099685,Movie,8.7,145,1990,"Biography, Crime, Drama",1406735,"1990-09-21","Martin Scorsese"
tt0405832,10,2020-05-24,"Chris Rock: Never Scared","Chris Rock: Never Scared",https://www.imdb.com/title/tt0405832,TV Special,8.0,80,2004,"Documentary, Comedy",5877,"2004-04-17","Joel Gallen"
tt0424136,8,2020-05-03,"Hard Candy","Hard Candy",https://www.imdb.com/title/tt0424136,Movie,7.0,104,2005,"Thriller, Drama",174984,"2006-04-28","David Slade"
tt5109784,8,2020-04-23,"Mother!","Mother!",https://www.imdb.com/title/tt5109784,Movie,6.6,121,2017,"Drama, Mystery, Horror",270065,"2017-09-15","Darren Aronofsky"
tt7366338,9,2020-04-20,"Chernobyl","Chernobyl",https://www.imdb.com/title/tt7366338,TV Mini Series,9.3,60,2019,"Drama, History, Thriller",1056731,"2019-05-06",
tt4815122,6,2020-04-18,"Time Trap","Time Trap",https://www.imdb.com/title/tt4815122,Movie,6.2,87,2017,"Action, Adventure, Sci-Fi, Mystery",50452,"2018-11-02","Mark Dennis,Ben Foster"
tt0127723,8,2020-04-12,"Can't Hardly Wait","Can't Hardly Wait",https://www.imdb.com/title/tt0127723,Movie,6.5,100,1998,"Romance, Comedy",57713,"1998-06-12","Harry Elfont,Deborah Kaplan"
tt7798634,6,2020-04-09,"Ready or Not","Ready or Not",https://www.imdb.com/title/tt7798634,Movie,6.9,95,2019,"Horror, Mystery, Comedy",261784,"2019-08-21","Matt Bettinelli-Olpin,Tyler Gillett"
tt1295072,6,2020-04-08,"The Trotsky","The Trotsky",https://www.imdb.com/title/tt1295072,Movie,6.7,113,2009,"Comedy, Drama",6559,"2010-05-05","Jacob Tierney"
tt8485364,6,2020-04-07,"The Room","The Room",https://www.imdb.com/title/tt8485364,Movie,6.1,100,2019,"Drama, Horror, Fantasy, Thriller, Mystery",26825,"2020-04-06","Christian Volckman"
tt0110912,8,2020-04-03,"Pulp Fiction","Pulp Fiction",https://www.imdb.com/title/tt0110912,Movie,8.8,154,1994,"Crime, Drama",2458250,"1994-10-14","Quentin Tarantino"
tt0361862,9,2020-04-03,"The Machinist","The Machinist",https://www.imdb.com/title/tt0361862,Movie,7.6,101,2004,"Thriller, Drama",444989,"2004-12-03","Brad Anderson"
tt1907668,6,2020-04-03,"Flight","Flight",https://www.imdb.com/title/tt1907668,Movie,7.3,138,2012,"Drama, Thriller",399886,"2012-11-02","Robert Zemeckis"
tt0120737,7,2020-04-03,"The Lord of the Rings: The Fellowship of the Ring","The Lord of the Rings: The Fellowship of the Ring",https://www.imdb.com/title/tt0120737,Movie,8.9,178,2001,"Drama, Adventure, Fantasy",2227940,"2001-12-19","Peter Jackson"
tt1125849,9,2020-04-03,"The Wrestler","The Wrestler",https://www.imdb.com/title/tt1125849,Movie,7.9,109,2008,"Drama, Sport",332248,"2009-01-30","Darren Aronofsky"
tt0105236,9,2020-04-03,"Reservoir Dogs","Reservoir Dogs",https://www.imdb.com/title/tt0105236,Movie,8.2,99,1992,"Crime, Thriller",1178288,"1992-09-02","Quentin Tarantino"
tt0073486,8,2020-04-03,"One Flew Over the Cuckoo's Nest","One Flew Over the Cuckoo's Nest",https://www.imdb.com/title/tt0073486,Movie,8.6,133,1975,"Drama",1163714,"1975-11-21","Miloš Forman"
tt0414993,5,2020-04-03,"The Fountain","The Fountain",https://www.imdb.com/title/tt0414993,Movie,7.1,97,2006,"Sci-Fi, Drama, Mystery, Romance",259174,"2006-11-22","Darren Aronofsky"
tt7263040,4,2020-04-03,"Mark of the Devil","La marca del demonio",https://www.imdb.com/title/tt7263040,Movie,3.2,82,2020,"Horror",2824,"2020-01-03","Diego Cohen"
tt4857264,8,2020-04-03,"The Invisible Guest","Contratiempo",https://www.imdb.com/title/tt4857264,Movie,8.0,106,2016,"Thriller, Crime, Mystery, Drama",216038,"2017-01-06","Oriol Paulo"
tt3722062,4,2020-03-29,"Bokeh","Bokeh",https://www.imdb.com/title/tt3722062,Movie,5.0,92,2017,"Drama, Sci-Fi",8292,"2017-03-24","Geoffrey Orthwein,Andrew Sullivan"
tt8228288,8,2020-03-26,"The Platform","El hoyo",https://www.imdb.com/title/tt8228288,Movie,7.0,94,2019,"Thriller, Sci-Fi, Horror, Mystery",328402,"2020-03-20","Galder Gaztelu-Urrutia"
tt6902676,6,2020-03-22,"Guns Akimbo","Guns Akimbo",https://www.imdb.com/title/tt6902676,Movie,6.3,98,2019,"Action, Comedy, Thriller, Crime",78709,"2020-02-28","Jason Lei Howden"
tt0104797,8,2020-03-22,"Malcolm X","Malcolm X",https://www.imdb.com/title/tt0104797,Movie,7.7,202,1992,"Biography, History, Drama",112098,"1992-11-18","Spike Lee"
tt8535180,5,2020-03-20,"Kill Chain","Kill Chain",https://www.imdb.com/title/tt8535180,Movie,5.1,91,2019,"Thriller, Action, Drama",6619,"2019-10-18","Ken Sanzel"
tt7984734,4,2020-03-19,"The Lighthouse","The Lighthouse",https://www.imdb.com/title/tt7984734,Movie,7.4,109,2019,"Drama, Fantasy, Mystery, Thriller, Horror",307548,"2019-11-01","Robert Eggers"
tt0913743,2,2020-01-28,"Lost: Tricia Tanaka Is Dead","Lost: Tricia Tanaka Is Dead",https://www.imdb.com/title/tt0913743,TV Episode,8.2,43,2007,"Drama, Mystery, Adventure, Thriller, Sci-Fi, Fantasy",8062,"2007-02-28","Eric Laneuville"
tt0954439,4,2020-01-28,"Lost: Stranger in a Strange Land","Lost: Stranger in a Strange Land",https://www.imdb.com/title/tt0954439,TV Episode,7.1,43,2007,"Drama, Mystery, Adventure, Thriller, Sci-Fi, Fantasy",7806,"2007-02-21","Paris Barclay"
tt6751668,8,2020-01-26,"Parasite","Gisaengchung",https://www.imdb.com/title/tt6751668,Movie,8.5,132,2019,"Drama, Thriller",1186759,"2019-11-08","Bong Joon Ho"
tt3741700,4,2019-10-26,"Godzilla: King of the Monsters","Godzilla: King of the Monsters",https://www.imdb.com/title/tt3741700,Movie,6.0,132,2019,"Action, Adventure, Sci-Fi, Fantasy",231506,"2019-05-31","Michael Dougherty"
tt5862902,5,2019-10-24,"Yardie","Yardie",https://www.imdb.com/title/tt5862902,Movie,5.8,101,2018,"Crime, Drama, Thriller",3640,"2018-08-31","Idris Elba"
tt7286456,7,2019-10-09,"Joker","Joker",https://www.imdb.com/title/tt7286456,Movie,8.3,122,2019,"Drama",1716798,"2019-10-04","Todd Phillips"
tt2935510,7,2019-10-09,"Ad Astra","Ad Astra",https://www.imdb.com/title/tt2935510,Movie,6.5,123,2019,"Sci-Fi, Thriller, Adventure, Drama, Mystery",283334,"2019-09-20","James Gray"
tt6565702,4,2019-09-28,"X-Men: Dark Phoenix","X-Men: Dark Phoenix",https://www.imdb.com/title/tt6565702,Movie,5.7,113,2019,"Action, Adventure, Sci-Fi",231219,"2019-06-07","Simon Kinberg"
tt7131622,3,2019-08-23,"Once Upon a Time in... Hollywood","Once Upon a Time in... Hollywood",https://www.imdb.com/title/tt7131622,Movie,7.6,161,2019,"Drama, Comedy",973562,"2019-07-26","Quentin Tarantino"
tt6857112,5,2019-08-12,"Us","Us",https://www.imdb.com/title/tt6857112,Movie,6.8,116,2019,"Thriller, Horror, Mystery",398255,"2019-03-22","Jordan Peele"
tt7752126,4,2019-08-11,"Brightburn","Brightburn",https://www.imdb.com/title/tt7752126,Movie,6.1,90,2019,"Horror, Sci-Fi, Drama, Mystery, Fantasy",122411,"2019-05-24","David Yarovesky"
tt5968394,6,2019-07-28,"Captive State","Captive State",https://www.imdb.com/title/tt5968394,Movie,6.0,109,2019,"Sci-Fi, Thriller",60699,"2019-03-15","Rupert Wyatt"
tt4717402,6,2019-07-28,"MFKZ","Mutafukaz",https://www.imdb.com/title/tt4717402,Movie,6.7,94,2017,"Animation, Action, Sci-Fi, Comedy, Thriller",5858,"2018-10-12","Shōjirō Nishimi,Guillaume Renard"
tt7167686,6,2019-07-23,"Reign of the Supermen","Reign of the Supermen",https://www.imdb.com/title/tt7167686,Video,6.8,87,2019,"Animation, Action, Sci-Fi, Adventure, Fantasy",20412,"2019-01-10","Jake Castorena,Sam Liu"
tt3839880,5,2019-07-23,"Infinity Chamber","Infinity Chamber",https://www.imdb.com/title/tt3839880,Movie,6.2,103,2016,"Sci-Fi, Thriller",12882,"2017-09-15","Travis Milloy"
tt3256226,4,2019-06-24,"IO","IO",https://www.imdb.com/title/tt3256226,Movie,4.8,96,2019,"Sci-Fi, Adventure, Drama",38186,"2019-01-18","Jonathan Helpert"
tt6292852,7,2019-06-24,"I Am Mother","I Am Mother",https://www.imdb.com/title/tt6292852,Movie,6.7,113,2019,"Sci-Fi, Thriller, Drama, Mystery",106926,"2019-06-07","Grant Sputore"
tt0421238,5,2019-06-03,"The Proposition","The Proposition",https://www.imdb.com/title/tt0421238,Movie,7.3,104,2005,"Drama, Crime, Western",58270,"2006-06-09","John Hillcoat"
tt2911666,6,2019-05-28,"John Wick","John Wick",https://www.imdb.com/title/tt2911666,Movie,7.5,101,2014,"Action, Thriller, Crime",837113,"2014-10-24","Chad Stahelski"
tt6146586,5,2019-05-28,"John Wick: Chapter 3 - Parabellum","John Wick: Chapter 3 - Parabellum",https://www.imdb.com/title/tt6146586,Movie,7.4,130,2019,"Action, Thriller, Crime",486070,"2019-05-17","Chad Stahelski"
tt4154796,10,2019-05-07,"Avengers: Endgame","Avengers: Endgame",https://www.imdb.com/title/tt4154796,Movie,8.4,181,2019,"Action, Sci-Fi, Adventure",1474920,"2019-04-26","Anthony Russo,Joe Russo"
tt2737304,6,2019-04-24,"Bird Box","Bird Box",https://www.imdb.com/title/tt2737304,Movie,6.6,124,2018,"Horror, Mystery, Sci-Fi",425806,"2018-12-21","Susanne Bier"
tt5052448,7,2019-04-24,"Get Out","Get Out",https://www.imdb.com/title/tt5052448,Movie,7.8,104,2017,"Horror, Mystery, Thriller",832450,"2017-02-24","Jordan Peele"
tt6644200,6,2019-04-24,"A Quiet Place","A Quiet Place",https://www.imdb.com/title/tt6644200,Movie,7.5,90,2018,"Drama, Horror, Sci-Fi",666447,"2018-04-06","John Krasinski"
tt0448115,5,2019-04-09,"Shazam!","Shazam!",https://www.imdb.com/title/tt0448115,Movie,7.0,132,2019,"Fantasy, Action, Adventure, Comedy",417013,"2019-04-05","David F. Sandberg"
tt6823368,4,2019-04-08,"Glass","Glass",https://www.imdb.com/title/tt6823368,Movie,6.6,129,2019,"Thriller, Drama, Sci-Fi, Horror, Fantasy",306412,"2019-01-18","M. Night Shyamalan"
tt4530422,5,2019-03-22,"Overlord","Overlord",https://www.imdb.com/title/tt4530422,Movie,6.6,110,2018,"Action, Horror, Sci-Fi, War",117187,"2018-11-09","Julius Avery"
tt3704676,6,2019-03-18,"The Brain Hack","The Brain Hack",https://www.imdb.com/title/tt3704676,Short,6.8,20,2015,"Short, Sci-Fi, Thriller",844,"2015-02-11","Joseph White"
tt9561862,6,2019-03-17,"Love, Death & Robots","Love, Death & Robots",https://www.imdb.com/title/tt9561862,TV Series,8.4,15,2019,"Animation, Short, Comedy, Fantasy, Horror, Sci-Fi, Action, Adventure, Drama, Mystery, Thriller",231709,"2019-03-15",
tt4154664,6,2019-03-12,"Captain Marvel","Captain Marvel",https://www.imdb.com/title/tt4154664,Movie,6.7,123,2019,"Action, Adventure, Sci-Fi",668472,"2019-03-08","Anna Boden,Ryan Fleck"
tt6343314,5,2019-02-25,"Creed II","Creed II",https://www.imdb.com/title/tt6343314,Movie,7.1,130,2018,"Drama, Sport, Action",173198,"2018-11-21","Steven Caple Jr."
tt4633694,8,2019-02-25,"Spider-Man: Into the Spider-Verse","Spider-Man: Into the Spider-Verse",https://www.imdb.com/title/tt4633694,Movie,8.4,117,2018,"Animation, Action, Sci-Fi, Adventure, Family, Fantasy",808638,"2018-12-14","Bob Persichetti,Peter Ramsey,Rodney Rothman"
tt9221312,4,2019-01-26,"Black-ish: Waltz in A Minor","Black·ish: Waltz in A Minor",https://www.imdb.com/title/tt9221312,TV Episode,7.2,21,2019,"Comedy",189,"2019-01-22","Pete Chatmon"
tt3576728,4,2019-01-07,"Bilal: A New Breed of Hero","Bilal: A New Breed of Hero",https://www.imdb.com/title/tt3576728,Movie,7.5,105,2015,"Animation, Action, Adventure, Fantasy",19355,"2018-02-02","Khurram H. Alavi,Ayman Jamal"
tt9122526,4,2019-01-04,"IMDbrief","IMDbrief",https://www.imdb.com/title/tt9122526,TV Series,6.6,3,2018,"News, Short",1378,"2018-10-16",
tt6628394,9,2019-01-04,"Bad Times at the El Royale","Bad Times at the El Royale",https://www.imdb.com/title/tt6628394,Movie,7.1,141,2018,"Thriller, Mystery, Crime, Drama",180198,"2018-10-12","Drew Goddard"
tt1016301,6,2018-12-04,"Fermat's Room","La habitación de Fermat",https://www.imdb.com/title/tt1016301,Movie,6.6,89,2007,"Thriller, Mystery",24070,"2007-11-16","Luis Piedrahita,Rodrigo Sopeña"
tt0123755,8,2018-12-04,"Cube","Cube",https://www.imdb.com/title/tt0123755,Movie,7.1,90,1997,"Horror, Mystery, Sci-Fi",263219,"1997-12-10","Vincenzo Natali"
tt0480669,9,2018-12-04,"Timecrimes","Los cronocrímenes",https://www.imdb.com/title/tt0480669,Movie,7.1,92,2007,"Sci-Fi, Thriller, Mystery, Horror",76340,"2008-06-27","Nacho Vigalondo"
tt2669336,8,2018-12-04,"Time Lapse","Time Lapse",https://www.imdb.com/title/tt2669336,Movie,6.5,104,2014,"Sci-Fi, Thriller, Mystery",53437,"2015-05-15","Bradley King"
tt2049543,7,2018-12-04,"Synchronicity","Synchronicity",https://www.imdb.com/title/tt2049543,Movie,5.4,101,2015,"Sci-Fi, Mystery, Romance, Drama",11824,"2016-01-22","Jacob Gentry"
tt5640450,7,2018-12-04,"ARQ","ARQ",https://www.imdb.com/title/tt5640450,Movie,6.3,88,2016,"Sci-Fi, Thriller, Action",44457,"2016-09-16","Tony Elliott"
tt6097798,6,2018-12-04,"Radius","Radius",https://www.imdb.com/title/tt6097798,Movie,6.2,93,2017,"Sci-Fi, Thriller, Mystery, Horror, Drama",22596,"2017-11-10","Caroline Labrèche,Steeve Léonard"
tt0118749,7,2018-11-26,"Boogie Nights","Boogie Nights",https://www.imdb.com/title/tt0118749,Movie,7.9,155,1997,"Drama",308489,"1997-10-31","Paul Thomas Anderson"
tt4154756,8,2018-11-22,"Avengers: Infinity War","Avengers: Infinity War",https://www.imdb.com/title/tt4154756,Movie,8.4,149,2018,"Action, Sci-Fi, Adventure",1398780,"2018-04-27","Anthony Russo,Joe Russo"
tt4425200,6,2018-11-22,"John Wick: Chapter 2","John Wick: Chapter 2",https://www.imdb.com/title/tt4425200,Movie,7.4,122,2017,"Action, Thriller, Crime",576490,"2017-02-10","Chad Stahelski"
tt3766354,6,2018-11-19,"The Equalizer 2","The Equalizer 2",https://www.imdb.com/title/tt3766354,Movie,6.7,121,2018,"Action, Crime, Thriller, Mystery",232265,"2018-07-20","Antoine Fuqua"
tt9085458,8,2018-11-17,"Black-ish: Don't You Be My Neighbor","Black·ish: Don't You Be My Neighbor",https://www.imdb.com/title/tt9085458,TV Episode,7.1,21,2018,"Comedy",227,"2018-10-23","Pete Chatmon"
tt8928034,4,2018-11-17,"Black-ish: Purple Rain","Black·ish: Purple Rain",https://www.imdb.com/title/tt8928034,TV Episode,7.7,21,2018,"Comedy",298,"2018-11-13","Charles Stone III"
tt1728196,7,2018-11-17,"Hara-Kiri: Death of a Samurai","Ichimei",https://www.imdb.com/title/tt1728196,Movie,7.3,128,2011,"Drama",10233,"2012-07-20","Takashi Miike"
tt1060256,5,2018-11-17,"Ichi","Ichi",https://www.imdb.com/title/tt1060256,Movie,6.5,120,2008,"Action, Crime, Drama, Thriller",4131,"2008-10-25","Fumihiko Sori"
tt7242142,6,2018-11-17,"Blindspotting","Blindspotting",https://www.imdb.com/title/tt7242142,Movie,7.4,95,2018,"Comedy, Drama, Crime",34414,"2018-07-27","Carlos López Estrada"
tt1270797,5,2018-10-31,"Venom","Venom",https://www.imdb.com/title/tt1270797,Movie,6.6,112,2018,"Action, Sci-Fi, Adventure",614083,"2018-10-05","Ruben Fleischer"
tt6998518,1,2018-09-17,"Mandy","Mandy",https://www.imdb.com/title/tt6998518,Movie,6.5,121,2018,"Fantasy, Action, Horror",99388,"2018-09-14","Panos Cosmatos"
tt6499752,8,2018-08-25,"Upgrade","Upgrade",https://www.imdb.com/title/tt6499752,Movie,7.5,100,2018,"Sci-Fi, Thriller, Action",236991,"2018-06-01","Leigh Whannell"
tt2820466,6,2018-08-20,"Justice League: The Flashpoint Paradox","Justice League: The Flashpoint Paradox",https://www.imdb.com/title/tt2820466,Video,8.1,75,2013,"Animation, Action, Adventure, Fantasy, Sci-Fi",66155,"2013-07-30","Jay Oliva"
tt7167658,5,2018-08-20,"The Death of Superman","The Death of Superman",https://www.imdb.com/title/tt7167658,Video,7.3,81,2018,"Animation, Action, Sci-Fi, Fantasy",22515,"2018-07-24","Jake Castorena,Sam Liu"
tt3458254,4,2018-08-20,"Patient Zero","Patient Zero",https://www.imdb.com/title/tt3458254,Movie,4.6,93,2018,"Horror, Action, Drama, Sci-Fi",11340,"2018-09-14","Stefan Ruzowitzky"
tt7655590,3,2018-07-24,"Marlon Wayans: Woke-ish","Marlon Wayans: Woke-ish",https://www.imdb.com/title/tt7655590,TV Special,6.5,68,2018,"Documentary, Comedy",1591,"2018-02-27","Marcus Raboy"
tt8465676,4,2018-07-24,"Hannah Gadsby: Nanette","Hannah Gadsby: Nanette",https://www.imdb.com/title/tt8465676,TV Special,8.1,69,2018,"Documentary, Comedy",14089,"2018-06-19","Jon Olb,Madeleine Parry"
tt3322314,4,2018-07-16,"Luke Cage","Luke Cage",https://www.imdb.com/title/tt3322314,TV Series,7.2,60,2016,"Action, Sci-Fi, Crime, Thriller, Drama",149744,"2016-09-30",
tt2557478,3,2018-06-15,"Pacific Rim: Uprising","Pacific Rim: Uprising",https://www.imdb.com/title/tt2557478,Movie,5.6,111,2018,"Action, Sci-Fi, Adventure",138601,"2018-03-23","Steven S. DeKnight"
tt4209788,7,2018-05-15,"Molly's Game","Molly's Game",https://www.imdb.com/title/tt4209788,Movie,7.4,140,2017,"Drama, Biography, Crime",205307,"2018-01-05","Aaron Sorkin"
tt2704998,6,2018-05-14,"Game Night","Game Night",https://www.imdb.com/title/tt2704998,Movie,6.9,100,2018,"Comedy, Crime, Action, Thriller, Adventure, Mystery",282640,"2018-02-23","John Francis Daley,Jonathan Goldstein"
tt7884998,5,2018-05-09,"Black-ish: Collateral Damage","Black·ish: Collateral Damage",https://www.imdb.com/title/tt7884998,TV Episode,7.2,21,2018,"Comedy",289,"2018-05-08","Gail Lerner"
tt2699128,10,2018-05-07,"The Leftovers","The Leftovers",https://www.imdb.com/title/tt2699128,TV Series,8.3,60,2014,"Drama, Fantasy, Mystery, Thriller",133295,"2014-06-29",
tt7709702,8,2018-05-05,"Atlanta: North of the Border","Atlanta: North of the Border",https://www.imdb.com/title/tt7709702,TV Episode,9.0,31,2018,"Comedy, Drama, Music",3486,"2018-04-26","Hiro Murai"
tt7884992,4,2018-05-02,"Black-ish: Blue Valentime","Black·ish: Blue Valentime",https://www.imdb.com/title/tt7884992,TV Episode,7.2,21,2018,"Comedy",468,"2018-05-01","Jonathan Groff"
tt5638642,6,2018-04-27,"The Ritual","The Ritual",https://www.imdb.com/title/tt5638642,Movie,6.4,94,2017,"Horror, Mystery, Thriller",146986,"2018-02-09","David Bruckner"
tt7875196,8,2018-04-23,"Black-ish: Black Math","Black·ish: Black Math",https://www.imdb.com/title/tt7875196,TV Episode,7.0,21,2018,"Comedy",210,"2018-04-03","Kevin Bray"
tt7884996,5,2018-04-23,"Black-ish: Fifty-Three Percent","Black·ish: Fifty-Three Percent",https://www.imdb.com/title/tt7884996,TV Episode,7.4,21,2018,"Comedy",329,"2018-04-17","Tracee Ellis Ross"
tt4986098,2,2018-04-20,"The Titan","The Titan",https://www.imdb.com/title/tt4986098,Movie,4.8,97,2018,"Sci-Fi, Thriller, Drama, Mystery, Romance",35551,"2018-03-30","Lennart Ruff"
tt2798920,8,2018-04-14,"Annihilation","Annihilation",https://www.imdb.com/title/tt2798920,Movie,6.8,115,2018,"Sci-Fi, Thriller, Drama, Mystery, Adventure, Horror",397267,"2018-02-23","Alex Garland"
tt5519340,3,2018-03-13,"Bright","Bright",https://www.imdb.com/title/tt5519340,Movie,6.3,117,2017,"Fantasy, Action, Thriller",210608,"2017-12-22","David Ayer"
tt2395427,6,2018-03-12,"Avengers: Age of Ultron","Avengers: Age of Ultron",https://www.imdb.com/title/tt2395427,Movie,7.3,141,2015,"Action, Adventure, Sci-Fi",1014958,"2015-05-01","Joss Whedon"
tt3896198,6,2018-03-12,"Guardians of the Galaxy: Vol. 2","Guardians of the Galaxy Vol. 2",https://www.imdb.com/title/tt3896198,Movie,7.6,136,2017,"Action, Sci-Fi, Adventure, Comedy, Fantasy, Music",840609,"2017-05-05","James Gunn"
tt1843866,8,2018-03-12,"Captain America: The Winter Soldier","Captain America: The Winter Soldier",https://www.imdb.com/title/tt1843866,Movie,7.7,136,2014,"Action, Adventure, Sci-Fi, Thriller",983617,"2014-04-04","Anthony Russo,Joe Russo"
tt1211837,8,2018-03-12,"Doctor Strange","Doctor Strange",https://www.imdb.com/title/tt1211837,Movie,7.5,115,2016,"Fantasy, Adventure, Action, Sci-Fi",891870,"2016-11-04","Scott Derrickson"
tt2527336,4,2018-03-12,"Star Wars: Episode VIII - The Last Jedi","Star Wars: Episode VIII - The Last Jedi",https://www.imdb.com/title/tt2527336,Movie,6.8,152,2017,"Sci-Fi, Action, Adventure, Fantasy",724923,"2017-12-15","Rian Johnson"
tt2250912,6,2018-03-12,"Spider-Man: Homecoming","Spider-Man: Homecoming",https://www.imdb.com/title/tt2250912,Movie,7.4,133,2017,"Action, Sci-Fi, Adventure",825751,"2017-07-07","Jon Watts"
tt3498820,8,2018-03-12,"Captain America: Civil War","Captain America: Civil War",https://www.imdb.com/title/tt3498820,Movie,7.8,147,2016,"Action, Sci-Fi",942298,"2016-05-06","Anthony Russo,Joe Russo"
tt3501632,8,2018-03-12,"Thor: Ragnarok","Thor: Ragnarok",https://www.imdb.com/title/tt3501632,Movie,7.9,130,2017,"Action, Sci-Fi, Adventure, Comedy, Fantasy",907192,"2017-11-03","Taika Waititi"
tt1179933,7,2018-02-13,"10 Cloverfield Lane","10 Cloverfield Lane",https://www.imdb.com/title/tt1179933,Movie,7.2,103,2016,"Drama, Sci-Fi, Thriller, Horror",387963,"2016-03-11","Dan Trachtenberg"
tt2548396,4,2018-02-13,"The Cloverfield Paradox","The Cloverfield Paradox",https://www.imdb.com/title/tt2548396,Movie,5.5,102,2018,"Sci-Fi, Thriller, Horror",122223,"2018-02-04","Julius Onah"
tt4695012,6,2018-01-18,"It Comes at Night","It Comes at Night",https://www.imdb.com/title/tt4695012,Movie,6.1,91,2017,"Horror, Mystery, Sci-Fi, Thriller, Drama",111652,"2017-06-09","Trey Edward Shults"
tt1856101,4,2018-01-10,"Blade Runner 2049","Blade Runner 2049",https://www.imdb.com/title/tt1856101,Movie,8.0,164,2017,"Sci-Fi, Thriller, Action, Drama, Mystery",764393,"2017-10-06","Denis Villeneuve"
tt0974015,4,2018-01-08,"Justice League","Justice League",https://www.imdb.com/title/tt0974015,Movie,6.0,120,2017,"Sci-Fi",508384,"2017-11-17","Zack Snyder"
tt2752200,7,2017-12-06,"Young & Beautiful","Jeune et jolie",https://www.imdb.com/title/tt2752200,Movie,6.7,95,2013,"Drama, Romance",41192,"2014-04-25","François Ozon"
tt4649466,4,2017-12-03,"Kingsman: The Golden Circle","Kingsman: The Golden Circle",https://www.imdb.com/title/tt4649466,Movie,6.7,141,2017,"Action, Adventure, Comedy, Crime, Thriller",404755,"2017-09-22","Matthew Vaughn"
tt1648190,5,2017-10-27,"The Dark Tower","The Dark Tower",https://www.imdb.com/title/tt1648190,Movie,5.6,95,2017,"Adventure, Fantasy, Sci-Fi, Western, Action, Drama",156874,"2017-08-04","Nikolaj Arcel"
tt4508902,7,2017-10-02,"One Punch Man","One Punch Man: Wanpanman",https://www.imdb.com/title/tt4508902,TV Series,8.6,24,2015,"Animation, Action, Comedy, Sci-Fi, Fantasy",228739,"2015-10-05",
tt3170832,7,2017-09-11,"Room","Room",https://www.imdb.com/title/tt3170832,Movie,8.1,118,2015,"Drama, Thriller",483480,"2016-01-22","Lenny Abrahamson"
tt1536537,6,2017-09-11,"What Happened to Monday","What Happened to Monday",https://www.imdb.com/title/tt1536537,Movie,6.8,123,2017,"Thriller, Sci-Fi, Action, Crime, Mystery, Fantasy",145860,"2017-08-18","Tommy Wirkola"
tt0266697,9,2017-09-07,"Kill Bill: Vol. 1","Kill Bill: Vol. 1",https://www.imdb.com/title/tt0266697,Movie,8.2,111,2003,"Action, Thriller, Crime",1319972,"2003-10-10","Quentin Tarantino"
tt1469304,4,2017-08-22,"Baywatch","Baywatch",https://www.imdb.com/title/tt1469304,Movie,5.5,116,2017,"Comedy, Action, Crime",220782,"2017-05-25","Seth Gordon"
tt5155780,6,2017-08-09,"The Discovery","The Discovery",https://www.imdb.com/title/tt5155780,Movie,6.2,102,2017,"Romance, Sci-Fi, Drama, Thriller",40892,"2017-03-31","Charlie McDowell"
tt2316204,4,2017-08-04,"Alien: Covenant","Alien: Covenant",https://www.imdb.com/title/tt2316204,Movie,6.4,122,2017,"Sci-Fi, Thriller, Horror",347895,"2017-05-19","Ridley Scott"
tt4074928,4,2017-08-03,"Realive","Realive",https://www.imdb.com/title/tt4074928,Movie,5.9,112,2016,"Sci-Fi, Drama",5743,"2017-10-10","Mateo Gil"
tt4160708,6,2017-07-28,"Don't Breathe","Don't Breathe",https://www.imdb.com/title/tt4160708,Movie,7.1,88,2016,"Thriller, Crime, Horror",333924,"2016-08-26","Fede Alvarez"
tt0945513,7,2017-07-26,"Source Code","Source Code",https://www.imdb.com/title/tt0945513,Movie,7.5,93,2011,"Sci-Fi, Thriller, Action, Drama, Mystery",586429,"2011-04-01","Duncan Jones"
tt1862079,6,2017-07-26,"Safety Not Guaranteed","Safety Not Guaranteed",https://www.imdb.com/title/tt1862079,Movie,6.9,86,2012,"Comedy, Romance, Drama, Fantasy, Adventure",135631,"2012-06-15","Colin Trevorrow"
tt3401882,3,2017-07-25,"Fist Fight","Fist Fight",https://www.imdb.com/title/tt3401882,Movie,5.6,91,2017,"Comedy",49098,"2017-02-17","Richie Keen"
tt4680182,6,2017-07-21,"Colossal","Colossal",https://www.imdb.com/title/tt4680182,Movie,6.2,109,2016,"Comedy, Sci-Fi, Fantasy, Drama, Horror",75517,"2017-04-21","Nacho Vigalondo"
tt0119008,6,2017-07-20,"Donnie Brasco","Donnie Brasco",https://www.imdb.com/title/tt0119008,Movie,7.7,127,1997,"Biography, Crime, Drama",359509,"1997-02-28","Mike Newell"
tt1219827,4,2017-07-15,"Ghost in the Shell","Ghost in the Shell",https://www.imdb.com/title/tt1219827,Movie,6.3,107,2017,"Action, Drama, Sci-Fi, Thriller, Crime, Mystery",240992,"2017-03-31","Rupert Sanders"
tt1306980,6,2017-07-04,"50/50","50/50",https://www.imdb.com/title/tt1306980,Movie,7.6,100,2011,"Comedy, Drama, Romance",355773,"2011-09-30","Jonathan Levine"
tt1990314,7,2017-07-04,"Robot & Frank","Robot & Frank",https://www.imdb.com/title/tt1990314,Movie,7.0,89,2012,"Comedy, Drama, Sci-Fi, Crime",67438,"2012-08-17","Jake Schreier"
tt0070666,8,2017-06-28,"Serpico","Serpico",https://www.imdb.com/title/tt0070666,Movie,7.7,130,1973,"Biography, Thriller, Crime, Drama",146898,"1973-12-05","Sidney Lumet"
tt0104348,7,2017-06-28,"Glengarry Glen Ross","Glengarry Glen Ross",https://www.imdb.com/title/tt0104348,Movie,7.6,100,1992,"Crime, Mystery, Drama",126856,"1992-10-02","James Foley"
tt4600952,4,2017-05-23,"Guardians","Zashchitniki",https://www.imdb.com/title/tt4600952,Movie,4.1,89,2017,"Sci-Fi, Action, Adventure, Fantasy, Thriller, Comedy",15296,"2017-02-23","Sarik Andreasyan"
tt3315342,6,2017-05-23,"Logan","Logan",https://www.imdb.com/title/tt3315342,Movie,8.1,137,2017,"Action, Sci-Fi, Drama, Thriller",935906,"2017-03-03","James Mangold"
tt4276820,6,2017-04-12,"The Founder","The Founder",https://www.imdb.com/title/tt4276820,Movie,7.2,115,2016,"Biography, Drama",207970,"2017-01-20","John Lee Hancock"
tt6648926,7,2017-04-12,"The Age of Spin: Dave Chappelle Live at the Hollywood Palladium","The Age of Spin: Dave Chappelle Live at the Hollywood Palladium",https://www.imdb.com/title/tt6648926,TV Special,8.1,67,2017,"Comedy",14054,"2017-03-21","Stan Lathan"
tt6649108,7,2017-04-12,"Deep in the Heart of Texas: Dave Chappelle Live at Austin City Limits","Deep in the Heart of Texas: Dave Chappelle Live at Austin City Limits",https://www.imdb.com/title/tt6649108,TV Special,7.9,66,2017,"Comedy",12871,"2017-03-21","Stan Lathan"
tt6736782,4,2017-04-12,"Louis C.K. 2017","Louis C.K. 2017",https://www.imdb.com/title/tt6736782,TV Special,7.6,74,2017,"Comedy",11302,"2017-04-04","Louis C.K."
tt3824458,6,2017-03-23,"Tangerine","Tangerine",https://www.imdb.com/title/tt3824458,Movie,7.1,88,2015,"Drama, Comedy, Crime",43457,"2015-07-10","Sean Baker"
tt2357547,4,2017-03-21,"Jessica Jones","Jessica Jones",https://www.imdb.com/title/tt2357547,TV Series,7.8,56,2015,"Action, Crime, Drama, Sci-Fi, Thriller",241350,"2015-11-20",
tt3322310,4,2017-03-21,"Iron Fist","Iron Fist",https://www.imdb.com/title/tt3322310,TV Series,6.4,60,2017,"Action, Sci-Fi, Adventure, Crime, Fantasy",150563,"2017-03-17",
tt3748528,5,2017-03-21,"Rogue One: A Star Wars Story","Rogue One",https://www.imdb.com/title/tt3748528,Movie,7.8,133,2016,"Action, Adventure, Sci-Fi",763252,"2016-12-16","Gareth Edwards"
tt4501244,6,2017-03-20,"Why Him?","Why Him?",https://www.imdb.com/title/tt4501244,Movie,6.2,111,2016,"Comedy",136630,"2016-12-23","John Hamburg"
tt1711525,2,2017-03-14,"Office Christmas Party","Office Christmas Party",https://www.imdb.com/title/tt1711525,Movie,5.9,105,2016,"Comedy",94698,"2016-12-09","Josh Gordon,Will Speck"
tt1355644,6,2017-03-08,"Passengers","Passengers",https://www.imdb.com/title/tt1355644,Movie,7.0,116,2016,"Sci-Fi, Drama, Thriller, Romance",503302,"2016-12-21","Morten Tyldum"
tt4682786,6,2017-03-01,"Collateral Beauty","Collateral Beauty",https://www.imdb.com/title/tt4682786,Movie,6.8,97,2016,"Drama, Romance",109834,"2016-12-16","David Frankel"
tt4302938,6,2017-03-01,"Kubo and the Two Strings","Kubo and the Two Strings",https://www.imdb.com/title/tt4302938,Movie,7.7,101,2016,"Animation, Adventure, Family, Fantasy, Action",147955,"2016-08-19","Travis Knight"
tt3640424,6,2017-02-24,"Allied","Allied",https://www.imdb.com/title/tt3640424,Movie,7.1,124,2016,"Drama, Romance, Thriller, War, Action",181188,"2016-11-23","Robert Zemeckis"
tt4547056,6,2017-01-21,"The Girl with All the Gifts","The Girl with All the Gifts",https://www.imdb.com/title/tt4547056,Movie,6.6,111,2016,"Horror, Thriller, Drama, Sci-Fi, Action, Adventure",69607,"2017-01-26","Colm McCarthy"
tt2404435,6,2017-01-21,"The Magnificent Seven","The Magnificent Seven",https://www.imdb.com/title/tt2404435,Movie,6.9,132,2016,"Action, Western, Adventure, Drama",247917,"2016-09-23","Antoine Fuqua"
tt0109254,7,2017-01-11,"Beverly Hills Cop III","Beverly Hills Cop III",https://www.imdb.com/title/tt0109254,Movie,5.5,104,1994,"Crime, Thriller, Comedy, Action",101085,"1994-05-25","John Landis"
tt0091129,7,2017-01-11,"The Golden Child","The Golden Child",https://www.imdb.com/title/tt0091129,Movie,6.0,94,1986,"Fantasy, Mystery, Comedy, Adventure, Action",63928,"1986-12-12","Michael Ritchie"
tt0094898,10,2017-01-11,"Coming to America","Coming to America",https://www.imdb.com/title/tt0094898,Movie,7.1,117,1988,"Romance, Comedy",241639,"1988-06-29","John Landis"
tt4669186,5,2017-01-11,"Kevin Hart: What Now?","Kevin Hart: What Now?",https://www.imdb.com/title/tt4669186,Movie,6.0,96,2016,"Documentary, Comedy",10325,"2016-10-14","Leslie Small,Tim Story"
tt0472198,6,2017-01-06,"Notorious","Notorious",https://www.imdb.com/title/tt0472198,Movie,6.7,122,2009,"Drama, Music, Biography, Crime",48204,"2009-01-16","George Tillman Jr."
tt0366627,6,2017-01-05,"The Jacket","The Jacket",https://www.imdb.com/title/tt0366627,Movie,7.1,103,2005,"Thriller, Mystery, Sci-Fi, Drama, Fantasy",125320,"2005-03-04","John Maybury"
tt5700672,7,2017-01-05,"Train to Busan","Busanhaeng",https://www.imdb.com/title/tt5700672,Movie,7.6,118,2016,"Horror, Thriller, Action",312592,"2016-07-20","Yeon Sang-ho"
tt3659388,6,2016-12-22,"The Martian","The Martian",https://www.imdb.com/title/tt3659388,Movie,8.0,144,2015,"Sci-Fi, Adventure, Drama",1025073,"2015-10-02","Ridley Scott"
tt1386697,4,2016-11-30,"Suicide Squad","Suicide Squad",https://www.imdb.com/title/tt1386697,Movie,5.9,123,2016,"Action, Sci-Fi, Adventure, Fantasy",764401,"2016-08-05","David Ayer"
tt0076759,6,2016-11-01,"Star Wars: Episode IV - A New Hope","Star Wars",https://www.imdb.com/title/tt0076759,Movie,8.6,121,1977,"Action, Sci-Fi, Adventure, Fantasy",1583349,"1977-05-25","George Lucas"
tt1343727,6,2016-11-01,"Dredd","Dredd",https://www.imdb.com/title/tt1343727,Movie,7.1,95,2012,"Action, Sci-Fi, Crime",314100,"2012-09-21","Pete Travis"
tt1663662,7,2016-11-01,"Pacific Rim","Pacific Rim",https://www.imdb.com/title/tt1663662,Movie,6.9,131,2013,"Sci-Fi, Action, Adventure",562692,"2013-07-12","Guillermo del Toro"
tt1119646,7,2016-11-01,"The Hangover","The Hangover",https://www.imdb.com/title/tt1119646,Movie,7.7,100,2009,"Comedy",940485,"2009-06-05","Todd Phillips"
tt0357413,6,2016-11-01,"Anchorman: The Legend of Ron Burgundy","Anchorman: The Legend of Ron Burgundy",https://www.imdb.com/title/tt0357413,Movie,7.1,94,2004,"Comedy",403968,"2004-07-09","Adam McKay"
tt1392190,9,2016-11-01,"Mad Max: Fury Road","Mad Max: Fury Road",https://www.imdb.com/title/tt1392190,Movie,8.1,120,2015,"Action, Adventure, Sci-Fi",1216817,"2015-05-15","George Miller"
tt0096874,10,2016-11-01,"Back to the Future Part II","Back to the Future Part II",https://www.imdb.com/title/tt0096874,Movie,7.8,108,1989,"Adventure, Sci-Fi, Comedy",627145,"1989-11-22","Robert Zemeckis"
tt0099088,8,2016-11-01,"Back to the Future Part III","Back to the Future Part III",https://www.imdb.com/title/tt0099088,Movie,7.5,118,1990,"Adventure, Sci-Fi, Comedy, Western",524569,"1990-05-25","Robert Zemeckis"
tt0114369,9,2016-11-01,"Seven","Se7en",https://www.imdb.com/title/tt0114369,Movie,8.6,127,1995,"Mystery, Drama, Crime, Thriller",2048393,"1995-09-22","David Fincher"
tt3551096,6,2016-11-01,"Fresh Off the Boat","Fresh Off the Boat",https://www.imdb.com/title/tt3551096,TV Series,7.7,22,2015,"Comedy",32566,"2015-02-04",
tt0105323,10,2016-11-01,"Scent of a Woman","Scent of a Woman",https://www.imdb.com/title/tt0105323,Movie,8.0,156,1992,"Drama",374809,"1993-01-08","Martin Brest"
tt0109830,9,2016-11-01,"Forrest Gump","Forrest Gump",https://www.imdb.com/title/tt0109830,Movie,8.8,142,1994,"Romance, Drama",2523855,"1994-07-06","Robert Zemeckis"
tt0071562,9,2016-11-01,"The Godfather Part II","The Godfather Part II",https://www.imdb.com/title/tt0071562,Movie,9.0,202,1974,"Crime, Drama",1507344,"1974-12-18","Francis Ford Coppola"
tt1258197,7,2016-10-18,"Exam","Exam",https://www.imdb.com/title/tt1258197,Movie,6.7,101,2009,"Thriller, Mystery, Crime",135807,"2010-06-17","Stuart Hazeldine"
tt2872718,7,2016-10-18,"Nightcrawler","Nightcrawler",https://www.imdb.com/title/tt2872718,Movie,7.8,117,2014,"Crime, Thriller, Drama",677743,"2014-10-31","Dan Gilroy"
tt1631867,5,2016-10-18,"Edge of Tomorrow","Edge of Tomorrow",https://www.imdb.com/title/tt1631867,Movie,7.9,113,2014,"Action, Sci-Fi, Adventure",812333,"2014-06-06","Doug Liman"
tt2209764,7,2016-10-18,"Transcendence","Transcendence",https://www.imdb.com/title/tt2209764,Movie,6.2,119,2014,"Drama, Sci-Fi, Thriller",248213,"2014-04-18","Wally Pfister"
tt0118971,8,2016-10-18,"The Devil's Advocate","The Devil's Advocate",https://www.imdb.com/title/tt0118971,Movie,7.5,144,1997,"Thriller, Mystery, Fantasy, Drama",450255,"1997-10-17","Taylor Hackford"
tt0307479,6,2016-10-18,"Solaris","Solaris",https://www.imdb.com/title/tt0307479,Movie,6.2,99,2002,"Mystery, Sci-Fi, Romance, Drama",89483,"2002-11-27","Steven Soderbergh"
tt0119081,6,2016-10-18,"Event Horizon","Event Horizon",https://www.imdb.com/title/tt0119081,Movie,6.6,96,1997,"Sci-Fi, Thriller, Horror",216740,"1997-08-15","Paul W.S. Anderson"
tt0206634,7,2016-10-18,"Children of Men","Children of Men",https://www.imdb.com/title/tt0206634,Movie,7.9,109,2006,"Thriller, Drama, Sci-Fi",570005,"2007-01-05","Alfonso Cuarón"
tt0137523,8,2016-10-18,"Fight Club","Fight Club",https://www.imdb.com/title/tt0137523,Movie,8.8,139,1999,"Drama, Crime, Thriller",2647339,"1999-10-15","David Fincher"
tt0139809,8,2016-10-18,"The Thirteenth Floor","The Thirteenth Floor",https://www.imdb.com/title/tt0139809,Movie,7.0,100,1999,"Sci-Fi, Thriller, Mystery",83691,"1999-05-28","Josef Rusnak"
tt0284978,7,2016-10-18,"Cypher","Cypher",https://www.imdb.com/title/tt0284978,Movie,6.7,95,2002,"Mystery, Sci-Fi, Thriller",33306,"2002-08-02","Vincenzo Natali"
tt2479478,2,2016-07-25,"The Ridiculous 6","The Ridiculous 6",https://www.imdb.com/title/tt2479478,Movie,4.9,119,2015,"Comedy, Western, Action, Adventure",59232,"2015-12-11","Frank Coraci"
tt0272338,7,2016-07-13,"Punch-Drunk Love","Punch-Drunk Love",https://www.imdb.com/title/tt0272338,Movie,7.3,95,2002,"Drama, Comedy, Thriller, Romance",199045,"2002-11-01","Paul Thomas Anderson"
tt2084989,4,2016-07-10,"Upstream Color","Upstream Color",https://www.imdb.com/title/tt2084989,Movie,6.5,96,2013,"Drama, Sci-Fi, Mystery",36271,"2013-08-30","Shane Carruth"
tt0390384,10,2016-07-10,"Primer","Primer",https://www.imdb.com/title/tt0390384,Movie,6.7,77,2004,"Drama, Thriller, Sci-Fi",122747,"2005-05-25","Shane Carruth"
tt0448134,8,2016-07-07,"Sunshine","Sunshine",https://www.imdb.com/title/tt0448134,Movie,7.2,107,2007,"Sci-Fi, Thriller",289666,"2007-07-27","Danny Boyle"
tt1189073,7,2016-07-06,"The Skin I Live In","La piel que habito",https://www.imdb.com/title/tt1189073,Movie,7.6,120,2011,"Thriller, Drama, Mystery",181734,"2011-09-02","Pedro Almodóvar"
tt0780536,7,2016-07-06,"In Bruges","In Bruges",https://www.imdb.com/title/tt0780536,Movie,7.9,107,2008,"Crime, Drama, Comedy, Thriller",496787,"2008-02-29","Martin McDonagh"
tt2401878,2,2016-06-19,"Anomalisa","Anomalisa",https://www.imdb.com/title/tt2401878,Movie,7.2,90,2015,"Animation, Drama, Comedy, Romance",79058,"2016-03-11","Duke Johnson,Charlie Kaufman"
tt3949660,6,2016-06-14,"Teenage Mutant Ninja Turtles: Out of the Shadows","Teenage Mutant Ninja Turtles: Out of the Shadows",https://www.imdb.com/title/tt3949660,Movie,5.9,112,2016,"Action, Adventure, Comedy, Sci-Fi, Crime, Fantasy, Family",107389,"2016-06-03","Dave Green"
tt3385516,4,2016-05-20,"X-Men: Apocalypse","X-Men: Apocalypse",https://www.imdb.com/title/tt3385516,Movie,6.8,144,2016,"Sci-Fi, Action, Adventure",496588,"2016-05-27","Bryan Singer"
tt1608290,4,2016-05-16,"Zoolander 2","Zoolander 2",https://www.imdb.com/title/tt1608290,Movie,4.7,101,2016,"Comedy, Action, Adventure, Mystery, Romance",82344,"2016-02-12","Ben Stiller"
tt3472226,8,2016-04-15,"Kung Fury","Kung Fury",https://www.imdb.com/title/tt3472226,Short,7.9,31,2015,"Short, Action, Comedy, Fantasy, Sci-Fi",65297,"2015-05-28","David Sandberg"
tt2975590,4,2016-03-29,"Batman v Superman: Dawn of Justice","Batman v Superman: Dawn of Justice",https://www.imdb.com/title/tt2975590,Movie,6.4,151,2016,"Sci-Fi",796815,"2016-03-25","Zack Snyder"
tt1850457,5,2016-03-17,"Sisters","Sisters",https://www.imdb.com/title/tt1850457,Movie,6.0,118,2015,"Comedy",73780,"2015-12-18","Jason Moore"
tt3487356,9,2016-03-17,"Black-ish","Black·ish",https://www.imdb.com/title/tt3487356,TV Series,7.3,22,2014,"Comedy",27906,"2014-09-24",
tt3322364,6,2016-03-17,"Concussion","Concussion",https://www.imdb.com/title/tt3322364,Movie,7.1,123,2015,"Drama, Sport, Biography",105518,"2015-12-25","Peter Landesman"
tt3118452,6,2016-03-15,"Circle","Circle",https://www.imdb.com/title/tt3118452,Movie,6.0,87,2015,"Drama, Sci-Fi, Thriller, Mystery, Horror",73101,"2015-10-16","Aaron Hann,Mario Miscione"
tt0478970,7,2016-03-15,"Ant-Man","Ant-Man",https://www.imdb.com/title/tt0478970,Movie,7.2,117,2015,"Action, Sci-Fi, Comedy",790054,"2015-07-17","Peyton Reed"
tt1431045,6,2016-03-15,"Deadpool","Deadpool",https://www.imdb.com/title/tt1431045,Movie,8.0,108,2016,"Action, Sci-Fi, Comedy",1266582,"2016-02-12","Tim Miller"
tt2015381,6,2016-03-15,"Guardians of the Galaxy","Guardians of the Galaxy",https://www.imdb.com/title/tt2015381,Movie,8.0,121,2014,"Sci-Fi, Action, Adventure, Comedy",1377451,"2014-08-01","James Gunn"
tt1895587,6,2016-03-15,"Spotlight","Spotlight",https://www.imdb.com/title/tt1895587,Movie,8.1,129,2015,"Drama, Crime, Biography",539160,"2015-11-20","Tom McCarthy"
tt1528854,6,2016-03-15,"Daddy's Home","Daddy's Home",https://www.imdb.com/title/tt1528854,Movie,6.2,96,2015,"Comedy, Family",140304,"2015-12-25","Sean Anders"
tt3530002,5,2016-02-25,"The Night Before","The Night Before",https://www.imdb.com/title/tt3530002,Movie,6.4,101,2015,"Comedy, Fantasy",90692,"2015-11-20","Jonathan Levine"
tt4178092,4,2016-02-25,"The Gift","The Gift",https://www.imdb.com/title/tt4178092,Movie,7.0,108,2015,"Mystery, Thriller, Drama",187024,"2015-08-07","Joel Edgerton"
tt2802144,6,2015-07-09,"Kingsman: The Secret Service","Kingsman: The Secret Service",https://www.imdb.com/title/tt2802144,Movie,7.7,129,2014,"Adventure, Action, Comedy, Thriller",782375,"2015-02-13","Matthew Vaughn"
tt1881002,3,2015-07-07,"Maggie","Maggie",https://www.imdb.com/title/tt1881002,Movie,5.6,95,2015,"Drama, Horror, Sci-Fi",49059,"2015-05-08","Henry Hobson"
tt0435651,5,2015-01-05,"The Giver","The Giver",https://www.imdb.com/title/tt0435651,Movie,6.4,97,2014,"Drama, Sci-Fi, Romance, Thriller",131351,"2014-08-15","Phillip Noyce"
tt2317225,6,2015-01-05,"The Machine","The Machine",https://www.imdb.com/title/tt2317225,Movie,6.0,91,2013,"Sci-Fi, Thriller, Action, Drama",32991,"2014-03-21","Caradog W. James"
tt1971325,6,2015-01-05,"Automata","Autómata",https://www.imdb.com/title/tt1971325,Movie,6.0,109,2014,"Sci-Fi, Thriller, Action, Drama",62135,"2014-10-17","Gabe Ibáñez"
tt0455944,7,2015-01-05,"The Equalizer","The Equalizer",https://www.imdb.com/title/tt0455944,Movie,7.3,132,2014,"Thriller, Action, Crime",470730,"2014-09-26","Antoine Fuqua"
tt2910814,6,2015-01-05,"The Signal","The Signal",https://www.imdb.com/title/tt2910814,Movie,6.0,97,2014,"Thriller, Sci-Fi, Drama, Mystery",73298,"2014-07-10","William Eubank"
tt2397535,8,2015-01-05,"Predestination","Predestination",https://www.imdb.com/title/tt2397535,Movie,7.4,97,2014,"Sci-Fi, Thriller, Drama, Action",338252,"2015-01-09","Michael Spierig,Peter Spierig"
tt2101441,1,2014-03-26,"Spring Breakers","Spring Breakers",https://www.imdb.com/title/tt2101441,Movie,5.3,94,2012,"Drama, Crime, Thriller",155396,"2013-03-22","Harmony Korine"
tt0460649,6,2013-05-09,"How I Met Your Mother","How I Met Your Mother",https://www.imdb.com/title/tt0460649,TV Series,8.3,22,2005,"Comedy, Romance, Drama",787333,"2005-09-19",
tt0118655,4,2013-05-01,"Austin Powers: International Man of Mystery","Austin Powers: International Man of Mystery",https://www.imdb.com/title/tt0118655,Movie,7.0,89,1997,"Adventure, Comedy",275432,"1997-05-02","Jay Roach"
tt0106677,4,2013-05-01,"Dazed and Confused","Dazed and Confused",https://www.imdb.com/title/tt0106677,Movie,7.6,103,1993,"Comedy",218221,"1993-09-24","Richard Linklater"
tt1446192,5,2013-04-03,"Rise of the Guardians","Rise of the Guardians",https://www.imdb.com/title/tt1446192,Movie,7.2,97,2012,"Animation, Adventure, Comedy, Family, Fantasy, Action, Drama, Sci-Fi",210956,"2012-11-21","Peter Ramsey"
tt1092026,6,2013-04-03,"Paul","Paul",https://www.imdb.com/title/tt1092026,Movie,6.9,104,2011,"Comedy, Sci-Fi, Adventure",284510,"2011-03-18","Greg Mottola"
tt2297164,6,2013-04-03,"Doomsday Book","Illyumyeolmangbogoseo",https://www.imdb.com/title/tt2297164,Movie,5.8,115,2012,"Drama, Fantasy, Sci-Fi, Comedy, Horror",3714,"2012-04-11","Kim Jee-woon,Yim Pil-sung"
tt1772341,7,2013-01-10,"Wreck-It Ralph","Wreck-It Ralph",https://www.imdb.com/title/tt1772341,Movie,7.7,101,2012,"Animation, Comedy, Family, Adventure, Fantasy, Sci-Fi, Sport",503857,"2012-11-02","Rich Moore"
tt0088763,10,2012-12-22,"Back to the Future","Back to the Future",https://www.imdb.com/title/tt0088763,Movie,8.5,116,1985,"Comedy, Sci-Fi, Adventure",1468968,"1985-07-03","Robert Zemeckis"
tt0903624,7,2012-12-20,"The Hobbit: An Unexpected Journey","The Hobbit: An Unexpected Journey",https://www.imdb.com/title/tt0903624,Movie,7.8,169,2012,"Fantasy, Adventure",934535,"2012-12-14","Peter Jackson"
tt0088850,6,2012-12-19,"Brewster's Millions","Brewster's Millions",https://www.imdb.com/title/tt0088850,Movie,6.5,102,1985,"Comedy",47494,"1985-05-22","Walter Hill"
tt0082198,6,2012-12-13,"Conan the Barbarian","Conan the Barbarian",https://www.imdb.com/title/tt0082198,Movie,6.9,129,1982,"Adventure, Fantasy",175088,"1982-05-14","John Milius"
tt1587828,6,2012-12-11,"Confessions of a Brazilian Call Girl","Bruna Surfistinha",https://www.imdb.com/title/tt1587828,Movie,6.2,109,2011,"Drama, Biography",8881,"2011-02-25","Marcus Baldini"
tt1409024,6,2012-11-30,"Men in Black 3","Men in Black³",https://www.imdb.com/title/tt1409024,Movie,6.8,106,2012,"Action, Comedy, Sci-Fi, Adventure",414631,"2012-05-25","Barry Sonnenfeld"
tt0375912,7,2012-11-29,"Layer Cake","Layer Cake",https://www.imdb.com/title/tt0375912,Movie,7.2,105,2004,"Thriller, Crime, Drama",208969,"2005-06-03","Matthew Vaughn"
tt1219289,7,2012-11-29,"Limitless","Limitless",https://www.imdb.com/title/tt1219289,Movie,7.4,105,2011,"Thriller, Sci-Fi",652719,"2011-03-18","Neil Burger"
tt1506999,3,2012-11-28,"Haywire","Haywire",https://www.imdb.com/title/tt1506999,Movie,5.8,93,2011,"Thriller, Action, Drama",93397,"2012-01-20","Steven Soderbergh"
tt1302011,5,2012-11-23,"Kung Fu Panda 2","Kung Fu Panda 2",https://www.imdb.com/title/tt1302011,Movie,7.3,90,2011,"Animation, Comedy, Action, Family, Adventure, Fantasy, Drama",362212,"2011-05-26","Jennifer Yuh Nelson"
tt0970866,6,2012-11-23,"Little Fockers","Little Fockers",https://www.imdb.com/title/tt0970866,Movie,5.5,98,2010,"Comedy, Romance",127154,"2010-12-22","Paul Weitz"
tt1570728,7,2012-11-22,"Crazy, Stupid, Love.","Crazy, Stupid, Love.",https://www.imdb.com/title/tt1570728,Movie,7.4,118,2011,"Comedy, Romance, Drama",626575,"2011-07-29","Glenn Ficarra,John Requa"
tt1298649,7,2012-11-22,"The Watch","The Watch",https://www.imdb.com/title/tt1298649,Movie,5.7,102,2012,"Comedy, Sci-Fi",138393,"2012-07-27","Akiva Schaffer"
tt1790886,6,2012-11-20,"The Campaign","The Campaign",https://www.imdb.com/title/tt1790886,Movie,6.1,85,2012,"Comedy",143100,"2012-08-10","Jay Roach"
tt1216487,4,2012-11-14,"The Girl Who Played with Fire","Flickan som lekte med elden",https://www.imdb.com/title/tt1216487,Movie,7.1,129,2009,"Thriller, Mystery, Crime, Drama, Action",102405,"2010-08-27","Daniel Alfredson"
tt0903747,7,2012-11-14,"Breaking Bad","Breaking Bad",https://www.imdb.com/title/tt0903747,TV Series,9.5,48,2008,"Drama, Crime, Thriller",2659138,"2008-01-20",
tt1132620,6,2012-11-13,"The Girl with the Dragon Tattoo","Män som hatar kvinnor",https://www.imdb.com/title/tt1132620,Movie,7.8,152,2009,"Thriller, Mystery, Drama, Crime",231499,"2010-04-30","Niels Arden Oplev"
tt1074638,6,2012-11-12,"Skyfall","Skyfall",https://www.imdb.com/title/tt1074638,Movie,7.8,143,2012,"Action, Thriller, Adventure",778284,"2012-11-09","Sam Mendes"
tt1723811,6,2012-11-09,"Shame","Shame",https://www.imdb.com/title/tt1723811,Movie,7.2,101,2011,"Drama",218402,"2011","Steve McQueen"
tt0111301,1,2012-11-08,"Street Fighter","Street Fighter",https://www.imdb.com/title/tt0111301,Movie,4.2,102,1994,"Adventure, Comedy, Action, Thriller",79938,"1994-12-23","Steven E. de Souza"
tt0114614,1,2012-10-31,"Tank Girl","Tank Girl",https://www.imdb.com/title/tt0114614,Movie,5.4,104,1995,"Sci-Fi, Comedy, Action",38068,"1995-03-31","Rachel Talalay"
tt1912398,7,2012-10-31,"God Bless America","God Bless America",https://www.imdb.com/title/tt1912398,Movie,7.1,105,2011,"Comedy, Crime, Drama",74724,"2012-05-31","Bobcat Goldthwait"
tt0083944,8,2012-10-30,"First Blood","First Blood",https://www.imdb.com/title/tt0083944,Movie,7.7,93,1982,"Adventure, Thriller, Action",304370,"1982-10-22","Ted Kotcheff"
tt0095956,6,2012-10-30,"Rambo III","Rambo III",https://www.imdb.com/title/tt0095956,Movie,5.8,102,1988,"Adventure, Thriller, Action",150780,"1988-05-25","Peter MacDonald"
tt0250258,7,2012-10-29,"The Experiment","Das Experiment",https://www.imdb.com/title/tt0250258,Movie,7.7,120,2001,"Drama, Thriller",99094,"2001-03-08","Oliver Hirschbiegel"
tt0830515,6,2012-10-26,"Quantum of Solace","Quantum of Solace",https://www.imdb.com/title/tt0830515,Movie,6.5,106,2008,"Action, Adventure, Thriller, Mystery",501611,"2008-11-14","Marc Forster"
tt0381061,7,2012-10-26,"Casino Royale","Casino Royale",https://www.imdb.com/title/tt0381061,Movie,8.0,144,2006,"Thriller, Action, Adventure",751867,"2006-11-17","Martin Campbell"
tt0066995,6,2012-10-19,"Diamonds Are Forever","Diamonds Are Forever",https://www.imdb.com/title/tt0066995,Movie,6.5,120,1971,"Thriller, Adventure, Action",124241,"1971-12-17","Guy Hamilton"
tt0062512,5,2012-10-18,"You Only Live Twice","You Only Live Twice",https://www.imdb.com/title/tt0062512,Movie,6.8,117,1967,"Adventure, Thriller, Action",128426,"1967-06-13","Lewis Gilbert"
tt0059800,4,2012-10-18,"Thunderball","Thunderball",https://www.imdb.com/title/tt0059800,Movie,6.9,130,1965,"Thriller, Adventure, Action",138911,"1965-12-22","Terence Young"
tt0058150,6,2012-10-17,"Goldfinger","Goldfinger",https://www.imdb.com/title/tt0058150,Movie,7.7,110,1964,"Adventure, Thriller, Action",219298,"1965-01-09","Guy Hamilton"
tt0057076,6,2012-10-17,"From Russia with Love","From Russia with Love",https://www.imdb.com/title/tt0057076,Movie,7.3,115,1963,"Thriller, Adventure, Action",160256,"1964-05-27","Terence Young"
tt1520211,5,2012-10-17,"The Walking Dead","The Walking Dead",https://www.imdb.com/title/tt1520211,TV Series,8.1,45,2010,"Horror, Drama, Thriller",1208618,"2010-10-31",
tt0055928,5,2012-10-16,"Dr. No","Dr. No",https://www.imdb.com/title/tt0055928,Movie,7.2,110,1962,"Adventure, Thriller, Action",197321,"1962-10-10","Terence Young"
tt1477109,5,2012-10-16,"Space Battleship Yamato","Space Battleship Yamato",https://www.imdb.com/title/tt1477109,Movie,6.0,138,2010,"Sci-Fi, Action, Adventure, Drama",6814,"2010-12-01","Takashi Yamazaki"
tt0113277,7,2012-10-05,"Heat","Heat",https://www.imdb.com/title/tt0113277,Movie,8.3,170,1995,"Drama, Action, Crime",814599,"1995-12-15","Michael Mann"
tt1276104,5,2012-10-04,"Looper","Looper",https://www.imdb.com/title/tt1276104,Movie,7.4,119,2012,"Sci-Fi, Action, Thriller, Drama",631343,"2012-09-28","Rian Johnson"
tt0086200,7,2012-10-03,"Risky Business","Risky Business",https://www.imdb.com/title/tt0086200,Movie,6.8,99,1983,"Drama, Crime, Romance, Comedy",109144,"1983-08-05","Paul Brickman"
tt1702425,2,2012-10-02,"Casa de mi Padre","Casa de mi padre",https://www.imdb.com/title/tt1702425,Movie,5.5,84,2012,"Comedy, Western",22174,"2012-05-11","Matt Piedmont"
tt0144084,7,2012-10-01,"American Psycho","American Psycho",https://www.imdb.com/title/tt0144084,Movie,7.6,102,2000,"Crime, Horror, Drama",851231,"2000-04-14","Mary Harron"
tt1478964,7,2012-09-27,"Attack the Block","Attack the Block",https://www.imdb.com/title/tt1478964,Movie,6.6,88,2011,"Sci-Fi, Comedy, Action, Thriller, Adventure",116134,"2011-05-13","Joe Cornish"
tt0113118,5,2012-09-27,"Friday","Friday",https://www.imdb.com/title/tt0113118,Movie,7.2,91,1995,"Drama, Comedy",138439,"1995-04-26","F. Gary Gray"
tt1060277,7,2012-09-27,"Cloverfield","Cloverfield",https://www.imdb.com/title/tt1060277,Movie,7.0,85,2008,"Sci-Fi, Horror, Thriller, Action",446713,"2008-01-18","Matt Reeves"
tt0284837,5,2012-09-26,"Ali G Indahouse","Ali G Indahouse",https://www.imdb.com/title/tt0284837,Movie,6.2,87,2002,"Comedy",100193,"2002-03-22","Mark Mylod"
tt0119695,7,2012-09-26,"Money Talks","Money Talks",https://www.imdb.com/title/tt0119695,Movie,6.2,97,1997,"Crime, Thriller, Comedy, Action",33808,"1997-08-22","Brett Ratner"
tt0293564,8,2012-09-26,"Rush Hour 3","Rush Hour 3",https://www.imdb.com/title/tt0293564,Movie,6.3,91,2007,"Thriller, Crime, Comedy, Action",201620,"2007-08-10","Brett Ratner"
tt1764651,6,2012-09-20,"The Expendables 2","The Expendables 2",https://www.imdb.com/title/tt1764651,Movie,6.6,103,2012,"Action, Thriller, Adventure",335861,"2012-08-17","Simon West"
tt1446714,6,2012-09-18,"Prometheus","Prometheus",https://www.imdb.com/title/tt1446714,Movie,7.0,124,2012,"Adventure, Sci-Fi",705381,"2012-06-08","Ridley Scott"
tt1621045,5,2012-09-18,"Think Like a Man","Think Like a Man",https://www.imdb.com/title/tt1621045,Movie,6.5,122,2012,"Comedy, Romance",53082,"2012-04-20","Tim Story"
tt1899353,10,2012-09-14,"The Raid: Redemption","Serbuan maut",https://www.imdb.com/title/tt1899353,Movie,7.6,101,2011,"Action, Thriller, Crime",232538,"2012-04-13","Gareth Evans"
tt1634122,5,2012-09-11,"Johnny English Reborn","Johnny English Reborn",https://www.imdb.com/title/tt1634122,Movie,6.3,101,2011,"Comedy, Adventure, Action",150259,"2011-10-21","Oliver Parker"
tt0249510,5,2012-09-07,"Final Fantasy IX","Fainaru fantajî IX",https://www.imdb.com/title/tt0249510,Video Game,8.8,,2000,"Fantasy, Action, Adventure",5869,"2000-11-13","Hiroyuki Itô"
tt2085930,7,2012-08-28,"Starship Troopers: Invasion","Starship Troopers: Invasion",https://www.imdb.com/title/tt2085930,Movie,5.8,89,2012,"Animation, Action, Sci-Fi, Fantasy",12800,"2012-07-21","Shinji Aramaki"
tt1386703,5,2012-08-21,"Total Recall","Total Recall",https://www.imdb.com/title/tt1386703,Movie,6.2,118,2012,"Action, Adventure, Sci-Fi, Thriller",277316,"2012-08-03","Len Wiseman"
tt0440963,6,2012-08-20,"The Bourne Ultimatum","The Bourne Ultimatum",https://www.imdb.com/title/tt0440963,Movie,8.0,115,2007,"Action, Thriller, Mystery",687348,"2007-08-03","Paul Greengrass"
tt0372183,7,2012-08-16,"The Bourne Supremacy","The Bourne Supremacy",https://www.imdb.com/title/tt0372183,Movie,7.7,108,2004,"Thriller, Action, Mystery",516624,"2004-07-23","Paul Greengrass"
tt0258463,6,2012-08-16,"The Bourne Identity","The Bourne Identity",https://www.imdb.com/title/tt0258463,Movie,7.8,119,2002,"Mystery, Thriller, Action",618444,"2002-06-14","Doug Liman"
tt1436045,7,2012-08-14,"13 Assassins","Jûsannin no shikaku",https://www.imdb.com/title/tt1436045,Movie,7.5,141,2010,"Action, Adventure, Drama",72129,"2010-09-25","Takashi Miike"
tt1601913,6,2012-08-13,"The Grey","The Grey",https://www.imdb.com/title/tt1601913,Movie,6.7,117,2011,"Drama, Thriller, Adventure, Action, Horror",275673,"2012-01-27","Joe Carnahan"
tt1605630,5,2012-08-13,"American Reunion","American Reunion",https://www.imdb.com/title/tt1605630,Movie,6.7,113,2012,"Comedy",234996,"2012-04-06","Jon Hurwitz,Hayden Schlossberg"
tt0190374,1,2012-08-10,"Dungeons & Dragons","Dungeons & Dragons",https://www.imdb.com/title/tt0190374,Movie,3.7,107,2000,"Action, Adventure, Fantasy",38125,"2000-12-08","Courtney Solomon"
tt1071875,4,2012-07-31,"Ghost Rider: Spirit of Vengeance","Ghost Rider: Spirit of Vengeance",https://www.imdb.com/title/tt1071875,Movie,4.4,96,2011,"Action, Fantasy, Thriller, Sci-Fi, Adventure",135701,"2012-02-17","Mark Neveldine,Brian Taylor"
tt0948470,7,2012-07-13,"The Amazing Spider-Man","The Amazing Spider-Man",https://www.imdb.com/title/tt0948470,Movie,7.0,136,2012,"Action, Sci-Fi",781385,"2012-07-03","Marc Webb"
tt0120812,8,2012-06-24,"Rush Hour","Rush Hour",https://www.imdb.com/title/tt0120812,Movie,7.1,98,1998,"Thriller, Crime, Comedy, Action",333567,"1998-09-18","Brett Ratner"
tt0174856,7,2012-06-24,"The Hurricane","The Hurricane",https://www.imdb.com/title/tt0174856,Movie,7.6,146,1999,"Biography, Sport, Drama",108663,"2000-01-14","Norman Jewison"
tt1121794,6,2012-06-24,"Sword of the Stranger","Sutorenjia: Mukô hadan",https://www.imdb.com/title/tt1121794,Movie,7.7,103,2007,"Animation, Action, Adventure",20060,"2009-02-05","Masahiro Andô"
tt1636826,7,2012-06-07,"Project X","Project X",https://www.imdb.com/title/tt1636826,Movie,6.7,88,2012,"Comedy, Thriller",260819,"2012-03-02","Nima Nourizadeh"
tt0087182,3,2012-05-14,"Dune","Dune",https://www.imdb.com/title/tt0087182,Movie,6.2,137,1984,"Sci-Fi, Adventure, Action",193724,"1984-12-14","David Lynch"
tt0453467,7,2012-05-14,"Deja Vu","Deja Vu",https://www.imdb.com/title/tt0453467,Movie,7.1,126,2006,"Action, Thriller, Sci-Fi, Crime",347480,"2006-11-22","Tony Scott"
tt0401233,6,2012-05-14,"Appleseed","Appurushîdo",https://www.imdb.com/title/tt0401233,Movie,6.9,101,2004,"Animation, Sci-Fi, Action, Thriller, Drama, War, Adventure",19049,"2004-04-17","Shinji Aramaki"
tt0386741,6,2012-05-14,"Renaissance","Renaissance",https://www.imdb.com/title/tt0386741,Movie,6.6,105,2006,"Animation, Sci-Fi, Thriller, Action",16788,"2006-03-15","Christian Volckman"
tt1456635,7,2012-05-13,"Goon","Goon",https://www.imdb.com/title/tt1456635,Movie,6.8,92,2011,"Comedy, Sport, Drama",94560,"2012-02-24","Michael Dowse"
tt0934706,5,2012-05-11,"Superman: Doomsday","Superman: Doomsday",https://www.imdb.com/title/tt0934706,Video,6.9,75,2007,"Animation, Action, Drama, Adventure, Sci-Fi",25045,"2007-09-18","Lauren Montgomery,Bruce Timm,Brandon Vietti"
tt1483025,5,2012-05-10,"Planet Hulk","Planet Hulk",https://www.imdb.com/title/tt1483025,Video,6.7,81,2010,"Animation, Action, Sci-Fi, Adventure, Drama",14501,"2010-02-02","Frank Paur,Sam Liu"
tt1236397,4,2012-05-09,"The Invisible Woman","A Mulher Invisível",https://www.imdb.com/title/tt1236397,Movie,6.3,105,2009,"Comedy, Fantasy",4336,"2009-06-05","Cláudio Torres"
tt0848228,8,2012-05-09,"The Avengers","The Avengers",https://www.imdb.com/title/tt0848228,Movie,8.0,143,2012,"Action, Sci-Fi",1574843,"2012-05-04","Joss Whedon"
tt0385700,8,2012-04-26,"Final Fantasy VII: Advent Children","Fainaru fantajî sebun adobento chirudoren",https://www.imdb.com/title/tt0385700,Movie,7.1,101,2005,"Animation, Action, Sci-Fi, Adventure, Fantasy",59872,"2024-02-21","Tetsuya Nomura,Takeshi Nozue"
tt0117951,3,2012-04-26,"Trainspotting","Trainspotting",https://www.imdb.com/title/tt0117951,Movie,8.1,93,1996,"Crime, Drama",772512,"1996-08-09","Danny Boyle"
tt1083456,6,2012-04-04,"Fired Up!","Fired Up!",https://www.imdb.com/title/tt1083456,Movie,6.1,90,2009,"Comedy, Sport",48403,"2009-02-20","Will Gluck"
tt0196229,6,2012-04-04,"Zoolander","Zoolander",https://www.imdb.com/title/tt0196229,Movie,6.5,90,2001,"Comedy",319670,"2001-09-28","Ben Stiller"
tt0838283,7,2012-04-04,"Step Brothers","Step Brothers",https://www.imdb.com/title/tt0838283,Movie,6.9,98,2008,"Comedy",343964,"2008-07-25","Adam McKay"
tt1637706,6,2012-03-26,"Our Idiot Brother","Our Idiot Brother",https://www.imdb.com/title/tt1637706,Movie,6.4,90,2011,"Comedy, Drama",92726,"2011-08-26","Jesse Peretz"
tt1531663,5,2012-03-19,"Everything Must Go","Everything Must Go",https://www.imdb.com/title/tt1531663,Movie,6.4,97,2010,"Drama, Comedy",55448,"2011-10-14","Dan Rush"
tt1525836,6,2012-03-15,"Gantz: Perfect Answer","Gantz: Perfect Answer",https://www.imdb.com/title/tt1525836,Movie,6.2,141,2011,"Action, Mystery, Sci-Fi, Horror, Adventure, Drama",4987,"2011-04-23","Shinsuke Satô"
tt1525835,6,2012-03-15,"Gantz","Gantz",https://www.imdb.com/title/tt1525835,Movie,6.4,130,2010,"Action, Horror, Sci-Fi, Drama, Fantasy, Adventure, Mystery",8807,"2011-01-29","Shinsuke Satô"
tt0363547,8,2012-03-05,"Dawn of the Dead","Dawn of the Dead",https://www.imdb.com/title/tt0363547,Movie,7.2,101,2004,"Horror, Action",290044,"2004-03-19","Zack Snyder"
tt0386117,3,2012-02-12,"Where the Wild Things Are","Where the Wild Things Are",https://www.imdb.com/title/tt0386117,Movie,6.7,101,2009,"Adventure, Drama, Fantasy, Family",112452,"2009-10-16","Spike Jonze"
tt0873886,7,2012-01-21,"Red State","Red State",https://www.imdb.com/title/tt0873886,Movie,6.1,88,2011,"Horror, Thriller, Action",70298,"2011-09-30","Kevin Smith"
tt1411697,4,2012-01-19,"The Hangover Part II","The Hangover Part II",https://www.imdb.com/title/tt1411697,Movie,6.5,102,2011,"Comedy",583601,"2011-05-26","Todd Phillips"
tt0430922,6,2012-01-17,"Role Models","Role Models",https://www.imdb.com/title/tt0430922,Movie,6.8,99,2008,"Comedy",253069,"2008-11-07","David Wain"
tt1844624,3,2012-01-12,"American Horror Story","American Horror Story",https://www.imdb.com/title/tt1844624,TV Series,7.9,60,2011,"Drama, Horror, Thriller, Sci-Fi",363508,"2011-10-05",
tt1499658,4,2012-01-10,"Horrible Bosses","Horrible Bosses",https://www.imdb.com/title/tt1499658,Movie,6.9,98,2011,"Comedy, Crime",490424,"2011-07-08","Seth Gordon"
tt0780504,8,2011-12-25,"Drive","Drive",https://www.imdb.com/title/tt0780504,Movie,7.8,100,2011,"Drama, Action",771128,"2011-09-16","Nicolas Winding Refn"
tt0075314,4,2011-12-14,"Taxi Driver","Taxi Driver",https://www.imdb.com/title/tt0075314,Movie,8.2,114,1976,"Crime, Drama",1037591,"1976-02-09","Martin Scorsese"
tt0427944,7,2011-12-14,"Thank You for Smoking","Thank You for Smoking",https://www.imdb.com/title/tt0427944,Movie,7.5,92,2005,"Comedy, Drama",236505,"2006-04-14","Jason Reitman"
tt0386588,8,2011-12-14,"Hitch","Hitch",https://www.imdb.com/title/tt0386588,Movie,6.6,118,2005,"Comedy, Romance",351176,"2005-02-11","Andy Tennant"
tt0463854,4,2011-12-14,"28 Weeks Later","28 Weeks Later",https://www.imdb.com/title/tt0463854,Movie,6.8,100,2007,"Horror, Sci-Fi",367104,"2007-05-11","Juan Carlos Fresnadillo"
tt0328107,7,2011-12-14,"Man on Fire","Man on Fire",https://www.imdb.com/title/tt0328107,Movie,7.7,146,2004,"Thriller, Drama, Crime, Action",424601,"2004-04-23","Tony Scott"
tt0089880,6,2011-12-14,"Rambo: First Blood Part II","Rambo: First Blood Part II",https://www.imdb.com/title/tt0089880,Movie,6.5,96,1985,"Adventure, Thriller, Action",197551,"1985-05-22","George P. Cosmatos"
tt0090728,8,2011-12-14,"Big Trouble in Little China","Big Trouble in Little China",https://www.imdb.com/title/tt0090728,Movie,7.2,99,1986,"Comedy, Adventure, Fantasy, Action",168882,"1986-07-02","John Carpenter"
tt1735485,4,2011-11-27,"The Tunnel","The Tunnel",https://www.imdb.com/title/tt1735485,Movie,5.8,94,2011,"Horror, Thriller, Mystery",26080,"2011-05-19","Carlo Ledesma"
tt1632547,7,2011-11-23,"Cold Fish","Tsumetai nettaigyo",https://www.imdb.com/title/tt1632547,Movie,7.1,146,2010,"Drama, Thriller, Crime, Horror",16276,"2011-07-06","Sion Sono"
tt1192628,4,2011-11-23,"Rango","Rango",https://www.imdb.com/title/tt1192628,Movie,7.3,107,2011,"Animation, Adventure, Family, Western, Comedy, Action, Drama",323156,"2011-03-04","Gore Verbinski"
tt1494772,6,2011-11-17,"Justice League: Crisis on Two Earths","Justice League: Crisis on Two Earths",https://www.imdb.com/title/tt1494772,Video,7.2,75,2010,"Animation, Action, Sci-Fi, Fantasy",31224,"2010-02-23","Sam Liu,Lauren Montgomery"
tt1399103,3,2011-11-17,"Transformers: Dark of the Moon","Transformers: Dark of the Moon",https://www.imdb.com/title/tt1399103,Movie,6.2,154,2011,"Action, Adventure, Sci-Fi, Comedy, Thriller",459097,"2011-06-29","Michael Bay"
tt1672723,5,2011-11-17,"Batman: Year One","Batman: Year One",https://www.imdb.com/title/tt1672723,Video,7.3,64,2011,"Animation, Action, Crime, Thriller, Drama",41102,"2011-10-18","Sam Liu,Lauren Montgomery"
tt0804505,1,2011-11-14,"Married Life","Married Life",https://www.imdb.com/title/tt0804505,Movie,6.2,91,2007,"Drama, Crime, Romance, Biography, Family",10240,"2008-03-28","Ira Sachs"
tt1416801,5,2011-11-10,"Kill the Irishman","Kill the Irishman",https://www.imdb.com/title/tt1416801,Movie,7.0,106,2011,"Crime, Drama, Biography, Action",54927,"2012-05-11","Jonathan Hensleigh"
tt1133985,4,2011-11-06,"Green Lantern","Green Lantern",https://www.imdb.com/title/tt1133985,Movie,5.5,114,2011,"Action, Sci-Fi, Adventure",310546,"2011-06-17","Martin Campbell"
tt0433035,6,2011-10-31,"Real Steel","Real Steel",https://www.imdb.com/title/tt0433035,Movie,7.1,127,2011,"Drama, Sci-Fi, Sport, Action",383422,"2011-10-07","Shawn Levy"
tt1598778,5,2011-10-31,"Contagion","Contagion",https://www.imdb.com/title/tt1598778,Movie,6.8,106,2011,"Thriller, Drama",333106,"2011-09-09","Steven Soderbergh"
tt1610527,9,2011-10-21,"Workaholics","Workaholics",https://www.imdb.com/title/tt1610527,TV Series,8.1,22,2011,"Comedy",59239,"2011-04-06",
tt0923752,7,2011-10-10,"The King of Kong: A Fistful of Quarters","The King of Kong",https://www.imdb.com/title/tt0923752,Movie,8.0,79,2007,"Documentary, Biography, Sport",38696,"2008-02-28","Seth Gordon"
tt0367790,3,2011-10-05,"Baadasssss!","How to Get the Man's Foot Outta Your Ass",https://www.imdb.com/title/tt0367790,Movie,7.3,109,2003,"Drama, Biography",5415,"2005-03-17","Mario Van Peebles"
tt0098904,10,2011-10-02,"Seinfeld","Seinfeld",https://www.imdb.com/title/tt0098904,TV Series,8.8,22,1989,"Comedy",387448,"1989-07-05",
tt0285403,10,2011-10-02,"Scrubs","Scrubs",https://www.imdb.com/title/tt0285403,TV Series,8.4,30,2001,"Drama, Comedy",287149,"2001-10-02",
tt0478304,1,2011-09-22,"The Tree of Life","The Tree of Life",https://www.imdb.com/title/tt0478304,Movie,6.8,139,2011,"Drama, Fantasy",193153,"2011-05-18","Terrence Malick"
tt0409847,5,2011-09-14,"Cowboys & Aliens","Cowboys & Aliens",https://www.imdb.com/title/tt0409847,Movie,6.0,119,2011,"Action, Sci-Fi, Western, Thriller, Drama",243283,"2011-07-29","Jon Favreau"
tt0102603,7,2011-09-13,"Oscar","Oscar",https://www.imdb.com/title/tt0102603,Movie,6.6,109,1991,"Crime, Comedy",37159,"1991-04-26","John Landis"
tt0319061,6,2011-09-12,"Big Fish","Big Fish",https://www.imdb.com/title/tt0319061,Movie,7.9,125,2003,"Fantasy, Adventure, Romance, Drama",479162,"2004-01-09","Tim Burton"
tt1318514,8,2011-09-12,"Rise of the Planet of the Apes","Rise of the Planet of the Apes",https://www.imdb.com/title/tt1318514,Movie,7.6,105,2011,"Action, Sci-Fi, Drama, Thriller",608798,"2011-08-05","Rupert Wyatt"
tt1340773,5,2011-09-11,"Elektra Luxx","Elektra Luxx",https://www.imdb.com/title/tt1340773,Movie,5.0,100,2010,"Comedy, Drama",8037,"2010-03-14","Sebastian Gutierrez"
tt1247704,4,2011-09-06,"Women in Trouble","Women in Trouble",https://www.imdb.com/title/tt1247704,Movie,5.6,92,2009,"Comedy, Drama",6821,"2011-07-28","Sebastian Gutierrez"
tt1488598,1,2011-08-25,"Stonehenge Apocalypse","Stonehenge Apocalypse",https://www.imdb.com/title/tt1488598,TV Movie,4.1,90,2010,"Sci-Fi",2984,"2010-06-12","Paul Ziller"
tt0993842,5,2011-08-23,"Hanna","Hanna",https://www.imdb.com/title/tt0993842,Movie,6.7,111,2011,"Thriller, Action, Drama, Adventure",215574,"2011-04-08","Joe Wright"
tt1740707,6,2011-08-17,"Troll Hunter","Trolljegeren",https://www.imdb.com/title/tt1740707,Movie,6.9,103,2010,"Fantasy, Drama, Thriller",83743,"2010-10-29","André Øvredal"
tt0810922,4,2011-08-16,"Take Me Home Tonight","Take Me Home Tonight",https://www.imdb.com/title/tt0810922,Movie,6.3,97,2011,"Comedy, Drama, Romance",57879,"2011-03-04","Michael Dowse"
tt1512235,5,2011-08-09,"Super","Super",https://www.imdb.com/title/tt1512235,Movie,6.7,96,2010,"Comedy, Crime, Action",87651,"2011-06-10","James Gunn"
tt1401152,5,2011-08-09,"Unknown","Unknown",https://www.imdb.com/title/tt1401152,Movie,6.8,113,2011,"Thriller, Mystery, Action",277212,"2011-02-18","Jaume Collet-Serra"
tt0480687,6,2011-08-08,"Hall Pass","Hall Pass",https://www.imdb.com/title/tt0480687,Movie,5.9,105,2011,"Comedy, Romance",137706,"2011-02-25","Bobby Farrelly,Peter Farrelly"
tt1240982,5,2011-08-08,"Your Highness","Your Highness",https://www.imdb.com/title/tt1240982,Movie,5.5,102,2011,"Comedy, Fantasy, Action, Adventure, Romance",108217,"2011-04-08","David Gordon Green"
tt1270798,6,2011-08-03,"X-Men: First Class","X: First Class",https://www.imdb.com/title/tt1270798,Movie,7.7,131,2011,"Action, Sci-Fi",769659,"2011-06-03","Matthew Vaughn"
tt0458339,6,2011-08-03,"Captain America: The First Avenger","Captain America: The First Avenger",https://www.imdb.com/title/tt0458339,Movie,6.9,124,2011,"Action, Adventure, Sci-Fi",980764,"2011-07-22","Joe Johnston"
tt1013860,3,2011-07-29,"Dylan Dog: Dead of Night","Dylan Dog: Dead of Night",https://www.imdb.com/title/tt1013860,Movie,5.1,107,2010,"Horror, Mystery, Thriller, Comedy, Action, Crime, Fantasy",16161,"2011-04-29","Kevin Munroe"
tt0091042,10,2011-07-26,"Ferris Bueller's Day Off","Ferris Bueller's Day Off",https://www.imdb.com/title/tt0091042,Movie,7.8,103,1986,"Comedy",419325,"1986-06-11","John Hughes"
tt0241527,3,2011-07-20,"Harry Potter and the Sorcerer's Stone","Harry Potter and the Sorcerer's Stone",https://www.imdb.com/title/tt0241527,Movie,7.7,152,2001,"Family, Adventure, Fantasy",961548,"2001-11-16","Chris Columbus"
tt0289043,10,2011-06-20,"28 Days Later","28 Days Later",https://www.imdb.com/title/tt0289043,Movie,7.5,113,2002,"Sci-Fi, Thriller, Drama, Horror",553539,"2003-06-27","Danny Boyle"
tt0116922,1,2011-05-30,"Lost Highway","Lost Highway",https://www.imdb.com/title/tt0116922,Movie,7.6,134,1997,"Mystery, Drama, Thriller",172517,"1997-01-15","David Lynch"
tt1385826,3,2011-05-23,"The Adjustment Bureau","The Adjustment Bureau",https://www.imdb.com/title/tt1385826,Movie,7.0,106,2011,"Romance, Thriller, Sci-Fi, Crime, Mystery, Drama",284382,"2011-03-04","George Nolfi"
tt1212419,6,2011-05-05,"Hereafter","Hereafter",https://www.imdb.com/title/tt1212419,Movie,6.5,129,2010,"Drama, Fantasy, Romance",98715,"2010-10-22","Clint Eastwood"
tt0453556,5,2011-05-02,"TMNT","TMNT",https://www.imdb.com/title/tt0453556,Movie,6.2,87,2007,"Animation, Action, Adventure, Comedy, Sci-Fi, Family, Fantasy",72651,"2007-03-23","Kevin Munroe"
tt0800369,6,2011-05-02,"Thor","Thor",https://www.imdb.com/title/tt0800369,Movie,7.0,115,2011,"Action, Fantasy",977970,"2011-05-06","Kenneth Branagh"
tt1456661,5,2011-04-19,"Legend of the Fist: The Return of Chen Zhen","Jing wu feng yun: Chen Zhen",https://www.imdb.com/title/tt1456661,Movie,6.2,106,2010,"Drama, Action, History",11514,"2010-09-21","Wai Keung Lau"
tt1032751,4,2011-04-16,"The Warrior's Way","The Warrior's Way",https://www.imdb.com/title/tt1032751,Movie,6.3,100,2010,"Action, Fantasy, Western, Drama",28045,"2010-12-03","Lee Seung-moo"
tt1219342,5,2011-04-15,"Legend of the Guardians: The Owls of Ga'Hoole","Legend of the Guardians: The Owls of Ga'Hoole",https://www.imdb.com/title/tt1219342,Movie,6.9,97,2010,"Animation, Adventure, Fantasy, Action, Family, Mystery, Thriller, War, Drama",92459,"2010-09-24","Zack Snyder"
tt1640459,7,2011-04-14,"Hobo with a Shotgun","Hobo with a Shotgun",https://www.imdb.com/title/tt1640459,Movie,6.1,86,2011,"Thriller, Action, Comedy, Crime, Adventure, Horror",50787,"2011-04-01","Jason Eisener"
tt0978764,6,2011-04-04,"Sucker Punch","Sucker Punch",https://www.imdb.com/title/tt0978764,Movie,6.1,110,2011,"Fantasy, Action, Adventure, Thriller",262582,"2011-03-25","Zack Snyder"
tt0498399,5,2011-04-01,"We Own the Night","We Own the Night",https://www.imdb.com/title/tt0498399,Movie,6.8,117,2007,"Crime, Drama, Thriller",97044,"2007-10-12","James Gray"
tt0401792,10,2011-03-25,"Sin City","Sin City",https://www.imdb.com/title/tt0401792,Movie,8.0,124,2005,"Crime, Thriller",823039,"2005-04-01","Frank Miller,Robert Rodriguez"
tt0407887,7,2011-03-25,"The Departed","The Departed",https://www.imdb.com/title/tt0407887,Movie,8.5,151,2006,"Crime, Drama, Thriller",1571281,"2006-10-06","Martin Scorsese"
tt1063669,7,2011-03-22,"The Wave","Die Welle",https://www.imdb.com/title/tt1063669,Movie,7.6,107,2008,"Drama, Thriller",122555,"2011-05-27","Dennis Gansel"
tt0408839,5,2011-03-21,"The Heartbreak Kid","The Heartbreak Kid",https://www.imdb.com/title/tt0408839,Movie,5.9,116,2007,"Comedy, Romance",102223,"2007-10-05","Bobby Farrelly,Peter Farrelly"
tt0209144,10,2011-03-19,"Memento","Memento",https://www.imdb.com/title/tt0209144,Movie,8.4,113,2000,"Thriller, Mystery",1452918,"2001-05-25","Christopher Nolan"
tt0492619,5,2011-03-19,"The Foot Fist Way","The Foot Fist Way",https://www.imdb.com/title/tt0492619,Movie,6.2,85,2006,"Comedy",14425,"2008-06-13","Jody Hill"
tt0990407,6,2011-03-13,"The Green Hornet","The Green Hornet",https://www.imdb.com/title/tt0990407,Movie,5.8,119,2011,"Action, Comedy, Crime",169435,"2011-01-14","Michel Gondry"
tt1368855,3,2011-03-13,"Afro Ninja","Afro Ninja",https://www.imdb.com/title/tt1368855,Video,4.3,88,2009,"Action, Comedy, Romance, Fantasy",157,"2009-12-09","Mark Hicks"
tt1288403,7,2011-03-13,"Universal Soldier: Regeneration","Universal Soldier: Regeneration",https://www.imdb.com/title/tt1288403,Movie,5.3,97,2009,"Action, Sci-Fi, Adventure",27469,"2010-01-07","John Hyams"
tt1231587,5,2011-03-13,"Hot Tub Time Machine","Hot Tub Time Machine",https://www.imdb.com/title/tt1231587,Movie,6.4,99,2010,"Comedy, Sci-Fi",199603,"2010-03-26","Steve Pink"
tt1542344,6,2011-03-10,"127 Hours","127 Hours",https://www.imdb.com/title/tt1542344,Movie,7.5,94,2010,"Drama, Biography",426929,"2011-01-28","Danny Boyle"
tt0240468,10,2011-02-26,"Kung Pow: Enter the Fist","Kung Pow: Enter the Fist",https://www.imdb.com/title/tt0240468,Movie,6.2,81,2002,"Comedy, Action",51138,"2002-01-25","Steve Oedekerk"
tt0437405,4,2011-02-25,"Paper Man","Paper Man",https://www.imdb.com/title/tt0437405,Movie,6.5,110,2009,"Comedy, Drama",21169,"2011-06-18","Kieran Mulroney,Michele Mulroney"
tt0092099,6,2011-02-24,"Top Gun","Top Gun",https://www.imdb.com/title/tt0092099,Movie,7.0,109,1986,"Drama, Action",559023,"1986-05-16","Tony Scott"
tt1403865,6,2011-02-24,"True Grit","True Grit",https://www.imdb.com/title/tt1403865,Movie,7.6,110,2010,"Drama, Western",378530,"2010-12-22","Ethan Coen,Joel Coen"
tt0104029,5,2011-02-18,"Cronos","Cronos",https://www.imdb.com/title/tt0104029,Movie,6.7,94,1992,"Fantasy, Drama, Thriller, Horror",36827,"1994-05","Guillermo del Toro"
tt0462499,6,2011-02-17,"Rambo","Rambo",https://www.imdb.com/title/tt0462499,Movie,7.0,92,2008,"Action, Thriller",257950,"2008-01-25","Sylvester Stallone"
tt1121931,6,2011-02-17,"Crank: High Voltage","Crank: High Voltage",https://www.imdb.com/title/tt1121931,Movie,6.1,96,2009,"Action, Thriller",168180,"2009-04-17","Mark Neveldine,Brian Taylor"
tt0133093,10,2011-02-10,"The Matrix","The Matrix",https://www.imdb.com/title/tt0133093,Movie,8.7,136,1999,"Action, Sci-Fi",2269085,"1999-03-31","Lana Wachowski,Lilly Wachowski"
tt1232207,7,2011-02-10,"Capitalism: A Love Story","Capitalism: A Love Story",https://www.imdb.com/title/tt1232207,Movie,7.4,127,2009,"Documentary, Crime, History",44340,"2009-10-02","Michael Moore"
tt0947798,7,2011-02-07,"Black Swan","Black Swan",https://www.imdb.com/title/tt0947798,Movie,8.0,108,2010,"Drama, Thriller",895255,"2010-12-17","Darren Aronofsky"
tt0479143,7,2011-02-01,"Rocky Balboa","Rocky Balboa",https://www.imdb.com/title/tt0479143,Movie,7.1,102,2006,"Sport, Drama",244983,"2006-12-20","Sylvester Stallone"
tt0100507,5,2011-01-31,"Rocky V","Rocky V",https://www.imdb.com/title/tt0100507,Movie,5.4,104,1990,"Sport, Drama",163387,"1990-11-16","John G. Avildsen"
tt0089927,6,2011-01-31,"Rocky IV","Rocky IV",https://www.imdb.com/title/tt0089927,Movie,6.9,91,1985,"Sport, Drama",248327,"1985-11-27","Sylvester Stallone"
tt1027718,5,2011-01-31,"Wall Street: Money Never Sleeps","Wall Street: Money Never Sleeps",https://www.imdb.com/title/tt1027718,Movie,6.2,133,2010,"Drama",110234,"2010-09-24","Oliver Stone"
tt0084602,6,2011-01-30,"Rocky III","Rocky III",https://www.imdb.com/title/tt0084602,Movie,6.9,99,1982,"Sport, Drama",231412,"1982-05-28","Sylvester Stallone"
tt0075148,7,2011-01-30,"Rocky","Rocky",https://www.imdb.com/title/tt0075148,Movie,8.1,120,1976,"Sport, Drama",698337,"1976-12-03","John G. Avildsen"
tt0079817,7,2011-01-30,"Rocky II","Rocky II",https://www.imdb.com/title/tt0079817,Movie,7.3,119,1979,"Sport, Drama",253084,"1979-06-15","Sylvester Stallone"
tt0804529,3,2011-01-28,"Sleep Dealer","Sleep Dealer",https://www.imdb.com/title/tt0804529,Movie,6.0,90,2008,"Sci-Fi, Drama, Thriller, Romance",6823,"2008-11-12","Alex Rivera"
tt0337978,6,2011-01-28,"Live Free or Die Hard","Live Free or Die Hard",https://www.imdb.com/title/tt0337978,Movie,7.1,128,2007,"Thriller, Action",437240,"2007-06-27","Len Wiseman"
tt0490181,5,2011-01-27,"Mutant Chronicles","Mutant Chronicles",https://www.imdb.com/title/tt0490181,Movie,5.2,100,2008,"Action, Adventure, Sci-Fi, Mystery",27825,"2008-10-10","Simon Hunter"
tt1148204,6,2011-01-26,"Orphan","Orphan",https://www.imdb.com/title/tt1148204,Movie,7.0,123,2009,"Thriller, Mystery, Horror",279847,"2009-07-24","Jaume Collet-Serra"
tt0112864,7,2011-01-26,"Die Hard with a Vengeance","Die Hard with a Vengeance",https://www.imdb.com/title/tt0112864,Movie,7.6,128,1995,"Adventure, Thriller, Action",432459,"1995-05-19","John McTiernan"
tt0099423,6,2011-01-25,"Die Hard 2","Die Hard 2",https://www.imdb.com/title/tt0099423,Movie,7.2,124,1990,"Thriller, Action",409104,"1990-07-03","Renny Harlin"
tt0367594,5,2011-01-21,"Charlie and the Chocolate Factory","Charlie and the Chocolate Factory",https://www.imdb.com/title/tt0367594,Movie,6.7,115,2005,"Musical, Adventure, Comedy, Family, Fantasy",576291,"2005-07-15","Tim Burton"
tt0172156,6,2011-01-21,"Bad Boys II","Bad Boys II",https://www.imdb.com/title/tt0172156,Movie,6.6,147,2003,"Crime, Thriller, Comedy, Action",290157,"2003-07-18","Michael Bay"
tt0477080,6,2011-01-21,"Unstoppable","Unstoppable",https://www.imdb.com/title/tt0477080,Movie,6.8,98,2010,"Action, Thriller",220343,"2010-11-12","Tony Scott"
tt0181689,7,2011-01-21,"Minority Report","Minority Report",https://www.imdb.com/title/tt0181689,Movie,7.6,145,2002,"Crime, Sci-Fi, Mystery, Thriller, Action",625390,"2002-06-21","Steven Spielberg"
tt0384806,6,2011-01-21,"The Amityville Horror","The Amityville Horror",https://www.imdb.com/title/tt0384806,Movie,5.9,90,2005,"Horror",123170,"2005-04-15","Andrew Douglas"
tt0443543,6,2011-01-21,"The Illusionist","The Illusionist",https://www.imdb.com/title/tt0443543,Movie,7.5,110,2006,"Drama, Romance, Mystery, Thriller, Fantasy",406187,"2006-09-01","Neil Burger"
tt0112442,7,2011-01-21,"Bad Boys","Bad Boys",https://www.imdb.com/title/tt0112442,Movie,6.8,119,1995,"Crime, Thriller, Comedy, Action",317950,"1995-04-07","Michael Bay"
tt0457430,10,2011-01-21,"Pan's Labyrinth","El laberinto del fauno",https://www.imdb.com/title/tt0457430,Movie,8.2,118,2006,"Drama, Fantasy, War",751190,"2007-01-19","Guillermo del Toro"
tt0217869,8,2011-01-21,"Unbreakable","Unbreakable",https://www.imdb.com/title/tt0217869,Movie,7.3,106,2000,"Mystery, Drama, Sci-Fi, Thriller",470320,"2000-11-22","M. Night Shyamalan"
tt0408236,7,2011-01-21,"Sweeney Todd: The Demon Barber of Fleet Street","Sweeney Todd: The Demon Barber of Fleet Street",https://www.imdb.com/title/tt0408236,Movie,7.3,116,2007,"Musical, Drama, Thriller, Horror",408488,"2007-12-21","Tim Burton"
tt0259711,8,2011-01-21,"Vanilla Sky","Vanilla Sky",https://www.imdb.com/title/tt0259711,Movie,6.9,136,2001,"Mystery, Fantasy, Sci-Fi, Romance, Thriller",311125,"2001-12-14","Cameron Crowe"
tt0095016,6,2011-01-19,"Die Hard","Die Hard",https://www.imdb.com/title/tt0095016,Movie,8.2,132,1988,"Thriller, Action",1036795,"1988-07-20","John McTiernan"
tt1001526,8,2011-01-08,"Megamind","Megamind",https://www.imdb.com/title/tt1001526,Movie,7.3,95,2010,"Animation, Comedy, Family, Sci-Fi, Action, Crime, Fantasy, Adventure",329385,"2010-11-05","Tom McGrath"
tt0465502,4,2011-01-05,"Igor","Igor",https://www.imdb.com/title/tt0465502,Movie,5.9,87,2008,"Animation, Comedy, Family, Fantasy, Horror, Sci-Fi",25197,"2008-09-19","Tony Leondis"
tt1323594,6,2011-01-03,"Despicable Me","Despicable Me",https://www.imdb.com/title/tt1323594,Movie,7.6,95,2010,"Animation, Family, Comedy, Sci-Fi, Crime, Adventure",638989,"2010-07-09","Pierre Coffin,Chris Renaud"
tt0435761,7,2011-01-02,"Toy Story 3","Toy Story 3",https://www.imdb.com/title/tt0435761,Movie,8.3,103,2010,"Animation, Adventure, Comedy, Family, Fantasy",986018,"2010-06-18","Lee Unkrich"
tt1057500,8,2011-01-01,"Invictus","Invictus",https://www.imdb.com/title/tt1057500,Movie,7.3,134,2009,"Biography, Drama, History, Sport",175212,"2009-12-11","Clint Eastwood"
tt1111422,6,2010-12-31,"The Taking of Pelham 123","The Taking of Pelham 123",https://www.imdb.com/title/tt1111422,Movie,6.4,106,2009,"Thriller, Crime, Action",218476,"2009-06-12","Tony Scott"
tt0324216,5,2010-12-31,"The Texas Chainsaw Massacre","The Texas Chainsaw Massacre",https://www.imdb.com/title/tt0324216,Movie,6.2,98,2003,"Horror",163445,"2003-10-17","Marcus Nispel"
tt0856288,7,2010-12-31,"Inside","À l'intérieur",https://www.imdb.com/title/tt0856288,Movie,6.7,82,2007,"Horror",48900,"2007-06-13","Alexandre Bustillo,Julien Maury"
tt0489018,4,2010-12-31,"Day of the Dead","Day of the Dead",https://www.imdb.com/title/tt0489018,Video,4.5,86,2008,"Horror, Action, Thriller, Sci-Fi",22928,"2008-04-08","Steve Miner"
tt0796212,6,2010-12-31,"Exiled","Fong juk",https://www.imdb.com/title/tt0796212,Movie,7.2,110,2006,"Crime, Thriller, Action, Drama",10400,"2006-10-19","Johnnie To"
tt0338095,8,2010-12-31,"High Tension","Haute tension",https://www.imdb.com/title/tt0338095,Movie,6.7,91,2003,"Horror",83644,"2005-06-10","Alexandre Aja"
tt0100157,7,2010-12-31,"Misery","Misery",https://www.imdb.com/title/tt0100157,Movie,7.8,107,1990,"Drama, Thriller",268200,"1990-11-30","Rob Reiner"
tt0077975,5,2010-12-31,"National Lampoon's Animal House","National Lampoon's Animal House",https://www.imdb.com/title/tt0077975,Movie,7.4,109,1978,"Comedy",136529,"1978-07-28","John Landis"
tt1186367,5,2010-12-31,"Ninja Assassin","Ninja Assassin",https://www.imdb.com/title/tt1186367,Movie,6.3,99,2009,"Action, Thriller",80246,"2009-11-25","James McTeigue"
tt1049413,7,2010-12-31,"Up","Up",https://www.imdb.com/title/tt1049413,Movie,8.3,96,2009,"Animation, Family, Adventure, Comedy, Drama",1250608,"2009-05-29","Pete Docter,Bob Peterson"
tt0435705,5,2010-12-31,"Next","Next",https://www.imdb.com/title/tt0435705,Movie,6.2,96,2007,"Sci-Fi, Action, Thriller",175897,"2007-04-27","Lee Tamahori"
tt0936501,7,2010-12-31,"Taken","Taken",https://www.imdb.com/title/tt0936501,Movie,7.7,90,2008,"Action, Thriller, Crime",676625,"2009-01-30","Pierre Morel"
tt0756683,7,2010-12-31,"The Man from Earth","The Man from Earth",https://www.imdb.com/title/tt0756683,Movie,7.8,87,2007,"Sci-Fi, Drama, Fantasy, Mystery",220326,"2007-11-13","Richard Schenkman"
tt0055630,6,2010-12-31,"Yojimbo","Yôjinbô",https://www.imdb.com/title/tt0055630,Movie,8.2,110,1961,"Drama, Action, Thriller",144242,"1961-09-13","Akira Kurosawa"
tt1092016,6,2010-12-31,"My Name Ain't Johnny","Meu Nome Não é Johnny",https://www.imdb.com/title/tt1092016,Movie,7.2,124,2008,"Drama, Crime, Biography",8920,"2008-01-04","Mauro Lima"
tt0091064,6,2010-12-31,"The Fly","The Fly",https://www.imdb.com/title/tt0091064,Movie,7.6,96,1986,"Horror, Drama, Sci-Fi",226560,"1986-08-15","David Cronenberg"
tt0091203,6,2010-12-31,"Highlander","Highlander",https://www.imdb.com/title/tt0091203,Movie,7.0,110,1986,"Fantasy, Action, Adventure",160307,"1986-03-07","Russell Mulcahy"
tt0301357,8,2010-12-31,"Good Bye Lenin!","Good Bye Lenin!",https://www.imdb.com/title/tt0301357,Movie,7.7,121,2003,"Romance, Comedy, Drama",160564,"2004-05-14","Wolfgang Becker"
tt1034032,1,2010-12-31,"Gamer","Gamer",https://www.imdb.com/title/tt1034032,Movie,5.7,95,2009,"Thriller, Sci-Fi, Action",144459,"2009-09-04","Mark Neveldine,Brian Taylor"
tt1037133,3,2010-12-31,"Kill","Kill",https://www.imdb.com/title/tt1037133,Movie,4.8,82,2008,"Action",174,"2008-12-06","Kenta Fukasaku,Mamoru Oshii,Minoru Tahara,Takanori Tsujimoto"
tt0078788,6,2010-12-31,"Apocalypse Now","Apocalypse Now",https://www.imdb.com/title/tt0078788,Movie,8.4,147,1979,"Drama, Mystery, War",775676,"1979-08-15","Francis Ford Coppola"
tt0454841,5,2010-12-31,"The Hills Have Eyes","The Hills Have Eyes",https://www.imdb.com/title/tt0454841,Movie,6.4,107,2006,"Horror, Thriller",197051,"2006-03-10","Alexandre Aja"
tt0266308,7,2010-12-31,"Battle Royale","Batoru Rowaiaru",https://www.imdb.com/title/tt0266308,Movie,7.5,114,2000,"Thriller, Drama, Action",208471,"2000-12-16","Kinji Fukasaku"
tt0887912,6,2010-12-31,"The Hurt Locker","The Hurt Locker",https://www.imdb.com/title/tt0887912,Movie,7.5,131,2008,"Thriller, Drama, War",498837,"2009-07-31","Kathryn Bigelow"
tt1182345,6,2010-12-31,"Moon","Moon",https://www.imdb.com/title/tt1182345,Movie,7.8,97,2009,"Sci-Fi, Drama, Mystery",397623,"2009-07-10","Duncan Jones"
tt0034583,8,2010-12-31,"Casablanca","Casablanca",https://www.imdb.com/title/tt0034583,Movie,8.5,102,1942,"Romance, War, Drama",659164,"1943-01-23","Michael Curtiz"
tt0455538,5,2010-12-31,"How to Lose Friends & Alienate People","How to Lose Friends & Alienate People",https://www.imdb.com/title/tt0455538,Movie,6.4,110,2008,"Comedy, Romance, Drama, Biography",72254,"2008-10-03","Robert B. Weide"
tt1174954,6,2010-12-31,"Resident Evil: Degeneration","Baiohazâdo: Dijenerêshon",https://www.imdb.com/title/tt1174954,Movie,6.4,98,2008,"Animation, Sci-Fi, Thriller, Action, Horror",35358,"2008-10-18","Makoto Kamiya"
tt1130884,6,2010-12-31,"Shutter Island","Shutter Island",https://www.imdb.com/title/tt1130884,Movie,8.2,138,2010,"Thriller, Mystery",1673732,"2010-02-19","Martin Scorsese"
tt0472033,5,2010-12-31,"9","9",https://www.imdb.com/title/tt0472033,Movie,7.0,79,2009,"Animation, Adventure, Sci-Fi, Action, Drama, Thriller, Fantasy",158218,"2009-09-09","Shane Acker"
tt0353014,4,2010-12-31,"Sky Blue","Wonderful Days",https://www.imdb.com/title/tt0353014,Movie,6.6,86,2003,"Animation, Adventure, Drama, Romance, Sci-Fi, Fantasy, Action",9666,"2003-07-17","Moon-saeng Kim"
tt0119698,6,2010-12-31,"Princess Mononoke","Mononoke-hime",https://www.imdb.com/title/tt0119698,Movie,8.3,133,1997,"Animation, Adventure, Fantasy",488748,"1997-07-12","Hayao Miyazaki"
tt0044706,7,2010-12-31,"High Noon","High Noon",https://www.imdb.com/title/tt0044706,Movie,7.9,85,1952,"Thriller, Drama, Western",117122,"1952-07-30","Fred Zinnemann"
tt1029234,7,2010-12-31,"Martyrs","Martyrs",https://www.imdb.com/title/tt1029234,Movie,7.0,99,2008,"Horror",122044,"2008-09-03","Pascal Laugier"
tt1084019,6,2010-12-31,"Black Belt","Kuro-obi",https://www.imdb.com/title/tt1084019,Movie,6.9,95,2007,"Action, Drama, Sport",1802,"2007-10-13","Shunichi Nagasaki"
tt0094291,5,2010-12-31,"Wall Street","Wall Street",https://www.imdb.com/title/tt0094291,Movie,7.3,126,1987,"Crime, Drama",175610,"1987-12-11","Oliver Stone"
tt1037705,6,2010-12-31,"The Book of Eli","The Book of Eli",https://www.imdb.com/title/tt1037705,Movie,6.8,118,2010,"Adventure, Drama, Thriller, Action",363330,"2010-01-15","Albert Hughes,Allen Hughes"
tt0898367,4,2010-12-31,"The Road","The Road",https://www.imdb.com/title/tt0898367,Movie,7.2,111,2009,"Drama, Thriller",272817,"2009-12-18","John Hillcoat"
tt0426883,5,2010-12-31,"Alpha Dog","Alpha Dog",https://www.imdb.com/title/tt0426883,Movie,6.9,122,2006,"Drama, Crime, Biography, Thriller",112131,"2007-01-12","Nick Cassavetes"
tt0848557,3,2010-12-29,"Diary of the Dead","Diary of the Dead",https://www.imdb.com/title/tt0848557,Movie,5.5,95,2007,"Horror, Thriller, Fantasy, Sci-Fi",51299,"2008-02-22","George A. Romero"
tt1220198,6,2010-12-28,"The Fourth Kind","The Fourth Kind",https://www.imdb.com/title/tt1220198,Movie,5.9,98,2009,"Thriller, Mystery, Sci-Fi, Horror",86738,"2009-11-06","Olatunde Osunsanmi"
tt0479884,6,2010-12-27,"Crank","Crank",https://www.imdb.com/title/tt0479884,Movie,6.9,88,2006,"Action, Crime, Thriller",279050,"2006-09-01","Mark Neveldine,Brian Taylor"
tt0455407,4,2010-12-21,"The Crazies","The Crazies",https://www.imdb.com/title/tt0455407,Movie,6.5,101,2010,"Horror",138614,"2010-02-26","Breck Eisner"
tt1104001,6,2010-12-21,"Tron: Legacy","Tron: Legacy",https://www.imdb.com/title/tt1104001,Movie,6.8,125,2010,"Action, Adventure, Sci-Fi",389054,"2010-12-17","Joseph Kosinski"
tt0384537,5,2010-12-05,"Silent Hill","Silent Hill",https://www.imdb.com/title/tt0384537,Movie,6.5,125,2006,"Horror, Mystery",262553,"2006-04-21","Christophe Gans"
tt0294252,6,2010-12-03,"2009: Lost Memories","2009 loseuteu maemorijeu",https://www.imdb.com/title/tt0294252,Movie,6.1,136,2002,"Thriller, Sci-Fi, Drama, Action",3489,"2002-02-01","Si-myung Lee"
tt0870984,5,2010-11-18,"Antichrist","Antichrist",https://www.imdb.com/title/tt0870984,Movie,6.5,108,2009,"Horror, Drama, Thriller",145835,"2009-05-20","Lars von Trier"
tt1075747,5,2010-11-17,"Jonah Hex","Jonah Hex",https://www.imdb.com/title/tt1075747,Movie,4.7,81,2010,"Action, Drama, Thriller, Western, Fantasy",65148,"2010-06-18","Jimmy Hayward"
tt0861739,10,2010-11-07,"Elite Squad","Tropa de Elite",https://www.imdb.com/title/tt0861739,Movie,8.0,115,2007,"Drama, Crime, Thriller, Action",120687,"2007-10-12","José Padilha"
tt1555149,8,2010-11-07,"Elite Squad 2: The Enemy Within","Tropa de Elite 2: O Inimigo Agora é Outro",https://www.imdb.com/title/tt1555149,Movie,8.0,115,2010,"Crime, Drama, Thriller",92891,"2010-10-08","José Padilha"
tt1467304,3,2010-11-06,"The Human Centipede (First Sequence)","The Human Centipede (First Sequence)",https://www.imdb.com/title/tt1467304,Movie,4.4,92,2009,"Horror",98066,"2010-04-28","Tom Six"
tt0307901,7,2010-11-05,"25th Hour","25th Hour",https://www.imdb.com/title/tt0307901,Movie,7.6,135,2002,"Drama",191136,"2003-01-10","Spike Lee"
tt0955308,5,2010-10-12,"Robin Hood","Robin Hood",https://www.imdb.com/title/tt0955308,Movie,6.6,140,2010,"Drama, Action, History, Adventure",297777,"2010-05-14","Ridley Scott"
tt0429493,5,2010-10-11,"The A-Team","The A-Team",https://www.imdb.com/title/tt0429493,Movie,6.7,118,2010,"Action, Adventure, Thriller, Crime",278153,"2010-06-11","Joe Carnahan"
tt0985694,6,2010-10-02,"Machete","Machete",https://www.imdb.com/title/tt0985694,Movie,6.6,105,2010,"Action, Thriller, Crime",210171,"2010-09-03","Ethan Maniquis,Robert Rodriguez"
tt0315733,6,2010-09-27,"21 Grams","21 Grams",https://www.imdb.com/title/tt0315733,Movie,7.6,124,2003,"Crime, Thriller, Drama",253217,"2004-01-16","Alejandro G. Iñárritu"
tt0404032,5,2010-09-21,"The Exorcism of Emily Rose","The Exorcism of Emily Rose",https://www.imdb.com/title/tt0404032,Movie,6.7,119,2005,"Drama, Horror, Thriller",150247,"2005-09-09","Scott Derrickson"
tt0862467,2,2010-09-21,"Valhalla Rising","Valhalla Rising",https://www.imdb.com/title/tt0862467,Movie,6.0,93,2009,"Drama, Adventure, Fantasy",66941,"2010-03-31","Nicolas Winding Refn"
tt0082340,5,2010-09-08,"Escape from New York","Escape from New York",https://www.imdb.com/title/tt0082340,Movie,7.1,99,1981,"Adventure, Sci-Fi, Action",174720,"1981-07-10","John Carpenter"
tt1017460,6,2010-09-07,"Splice","Splice",https://www.imdb.com/title/tt1017460,Movie,5.8,104,2009,"Sci-Fi, Horror",107019,"2010-06-04","Vincenzo Natali"
tt1245112,6,2010-09-06,"[Rec]²","(Rec)²",https://www.imdb.com/title/tt1245112,Movie,6.5,85,2009,"Horror, Thriller",85346,"2009-10-02","Jaume Balagueró,Paco Plaza"
tt1188729,6,2010-09-02,"Pandorum","Pandorum",https://www.imdb.com/title/tt1188729,Movie,6.7,108,2009,"Sci-Fi, Thriller, Action, Horror, Mystery",168918,"2009-09-25","Christian Alvart"
tt1038988,7,2010-09-02,"REC","[Rec]",https://www.imdb.com/title/tt1038988,Movie,7.4,78,2007,"Horror, Thriller, Mystery",219336,"2007-11-23","Jaume Balagueró,Paco Plaza"
tt0072890,7,2010-08-30,"Dog Day Afternoon","Dog Day Afternoon",https://www.imdb.com/title/tt0072890,Movie,8.0,125,1975,"Thriller, Biography, Crime, Drama",293580,"1975-12-25","Sidney Lumet"
tt1320253,7,2010-08-23,"The Expendables","The Expendables",https://www.imdb.com/title/tt1320253,Movie,6.4,103,2010,"Thriller, Action, Adventure",382158,"2010-08-13","Sylvester Stallone"
tt1131734,4,2010-08-19,"Jennifer's Body","Jennifer's Body",https://www.imdb.com/title/tt1131734,Movie,5.6,102,2009,"Comedy, Horror",176699,"2009-09-18","Karyn Kusama"
tt1322277,5,2010-08-19,"The Assailant","Besouro",https://www.imdb.com/title/tt1322277,Movie,6.0,94,2009,"Drama, Action, Biography",1943,"2009-10-30","João Daniel Tikhomiroff"
tt0375568,6,2010-08-18,"Astro Boy","Astro Boy",https://www.imdb.com/title/tt0375568,Movie,6.3,94,2009,"Animation, Sci-Fi, Family, Action, Comedy, Fantasy, Adventure, Drama",43375,"2009-10-23","David Bowers"
tt1279935,5,2010-08-18,"Date Night","Date Night",https://www.imdb.com/title/tt1279935,Movie,6.3,88,2010,"Comedy, Romance, Crime, Thriller",180562,"2010-04-09","Shawn Levy"
tt0396269,10,2010-08-16,"Wedding Crashers","Wedding Crashers",https://www.imdb.com/title/tt0396269,Movie,7.0,119,2005,"Comedy, Romance",401218,"2005-07-15","David Dobkin"
tt1038686,4,2010-08-15,"Legion","Legion",https://www.imdb.com/title/tt1038686,Movie,5.3,100,2010,"Fantasy, Action, Horror",120829,"2010-01-22","Scott Stewart"
tt1424381,4,2010-08-09,"Predators","Predators",https://www.imdb.com/title/tt1424381,Movie,6.4,107,2010,"Adventure, Sci-Fi, Thriller, Action",264154,"2010-07-09","Nimród Antal"
tt0405336,5,2010-07-26,"Southland Tales","Southland Tales",https://www.imdb.com/title/tt0405336,Movie,5.3,145,2006,"Comedy, Sci-Fi, Thriller, Mystery, Drama",42426,"2007-12-07","Richard Kelly"
tt0138704,7,2010-07-26,"Pi","Pi",https://www.imdb.com/title/tt0138704,Movie,7.3,84,1998,"Mystery, Sci-Fi, Horror, Drama, Thriller",193507,"1998-07-10","Darren Aronofsky"
tt0495747,2,2010-07-20,"The Quick and the Undead","The Quick and the Undead",https://www.imdb.com/title/tt0495747,Movie,2.9,90,2006,"Action, Western, Horror, Drama",1462,"2006-02-02","Gerald Nott"
tt0790686,6,2010-07-08,"Mirrors","Mirrors",https://www.imdb.com/title/tt0790686,Movie,6.1,110,2008,"Horror, Mystery",119922,"2008-08-15","Alexandre Aja"
tt1139797,6,2010-07-07,"Let the Right One In","Låt den rätte komma in",https://www.imdb.com/title/tt1139797,Movie,7.8,114,2008,"Drama, Horror, Romance, Fantasy",241239,"2008-12-12","Tomas Alfredson"
tt0081506,6,2010-06-30,"Shogun Assassin","Shogun Assassin",https://www.imdb.com/title/tt0081506,Movie,7.3,85,1980,"Action, Adventure",12118,"1980-11-07","Robert Houston,Kenji Misumi"
tt0116282,5,2010-06-27,"Fargo","Fargo",https://www.imdb.com/title/tt0116282,Movie,8.1,98,1996,"Drama, Thriller, Crime",793244,"1996-04-05","Joel Coen,Ethan Coen"
tt1156398,6,2010-06-27,"Zombieland","Zombieland",https://www.imdb.com/title/tt1156398,Movie,7.5,88,2009,"Comedy, Action, Horror",672397,"2009-10-02","Ruben Fleischer"
tt0114214,6,2010-06-27,"The Quick and the Dead","The Quick and the Dead",https://www.imdb.com/title/tt0114214,Movie,6.5,108,1995,"Action, Thriller, Romance, Drama, Western",114482,"1995-02-10","Sam Raimi"
tt1250777,6,2010-06-24,"Kick-Ass","Kick-Ass",https://www.imdb.com/title/tt1250777,Movie,7.6,117,2010,"Comedy, Action, Crime",623484,"2010-04-16","Matthew Vaughn"
tt0362478,7,2010-06-22,"The Box","The Box",https://www.imdb.com/title/tt0362478,Movie,5.6,115,2009,"Thriller, Drama, Mystery",98159,"2009-11-06","Richard Kelly"
tt0416779,10,2010-06-17,"God of War","God of War",https://www.imdb.com/title/tt0416779,Video Game,9.0,,2005,"Adventure, Action, Fantasy",14035,"2005-03-22","David Jaffe,Greg Tiernan"
tt0846694,10,2010-06-17,"God of War II","God of War II",https://www.imdb.com/title/tt0846694,Video Game,9.1,,2007,"Action, Adventure, Fantasy",12607,"2007-03-13","Cory Barlog"
tt1199781,10,2010-06-17,"God of War III","God of War III",https://www.imdb.com/title/tt1199781,Video Game,9.1,,2010,"Action, Adventure, Fantasy",15697,"2010-03-16","Stig Asmussen"
tt0111161,10,2010-06-10,"The Shawshank Redemption","The Shawshank Redemption",https://www.imdb.com/title/tt0111161,Movie,9.3,142,1994,"Drama",3223962,"1994-10-14","Frank Darabont"
tt0317248,10,2010-06-10,"City of God","Cidade de Deus",https://www.imdb.com/title/tt0317248,Movie,8.6,130,2002,"Drama, Crime",878827,"2004-02-13","Fernando Meirelles,Kátia Lund"
tt1228705,6,2010-06-10,"Iron Man 2","Iron Man 2",https://www.imdb.com/title/tt1228705,Movie,6.9,124,2010,"Action, Sci-Fi",951266,"2010-05-07","Jon Favreau"
tt0780653,6,2010-06-10,"The Wolfman","The Wolfman",https://www.imdb.com/title/tt0780653,Movie,5.9,103,2010,"Horror, Thriller, Drama, Fantasy",118174,"2010-02-12","Joe Johnston"
tt0068646,10,2010-06-10,"The Godfather","The Godfather",https://www.imdb.com/title/tt0068646,Movie,9.2,175,1972,"Crime, Drama",2247188,"1972-03-24","Francis Ford Coppola"
tt0371746,8,2010-06-10,"Iron Man","Iron Man",https://www.imdb.com/title/tt0371746,Movie,7.9,126,2008,"Action, Sci-Fi, Adventure",1241942,"2008-05-02","Jon Favreau"
tt0084827,8,2010-06-10,"Tron","Tron",https://www.imdb.com/title/tt0084827,Movie,6.7,96,1982,"Sci-Fi, Adventure, Action",147185,"1982-07-09","Steven Lisberger"
tt0118715,6,2010-06-10,"The Big Lebowski","The Big Lebowski",https://www.imdb.com/title/tt0118715,Movie,8.1,117,1998,"Crime, Comedy",922256,"1998-03-06","Joel Coen,Ethan Coen"
tt0104691,7,2010-05-25,"The Last of the Mohicans","The Last of the Mohicans",https://www.imdb.com/title/tt0104691,Movie,7.6,112,1992,"Adventure, Action, Drama, Romance, War",208855,"1992-09-25","Michael Mann"
tt1190536,8,2010-05-23,"Black Dynamite","Black Dynamite",https://www.imdb.com/title/tt1190536,Movie,7.4,84,2009,"Comedy, Action",54684,"2010-01-13","Scott Sanders"
tt0074285,6,2010-05-23,"Carrie","Carrie",https://www.imdb.com/title/tt0074285,Movie,7.4,98,1976,"Horror",230355,"1976-11-16","Brian De Palma"
tt1078940,5,2010-05-23,"Couples Retreat","Couples Retreat",https://www.imdb.com/title/tt1078940,Movie,5.6,113,2009,"Comedy",122055,"2009-10-09","Peter Billingsley"
tt0891592,1,2010-04-18,"Street Fighter: The Legend of Chun-Li","Street Fighter: The Legend of Chun-Li",https://www.imdb.com/title/tt0891592,Movie,3.7,96,2009,"Action, Thriller, Crime, Fantasy",26404,"2009-02-27","Andrzej Bartkowiak"
tt0397535,7,2010-04-18,"Memoirs of a Geisha","Memoirs of a Geisha",https://www.imdb.com/title/tt0397535,Movie,7.3,145,2005,"Drama, Romance",173827,"2005-12-23","Rob Marshall"
tt0172495,8,2005-06-27,"Gladiator","Gladiator",https://www.imdb.com/title/tt0172495,Movie,8.5,155,2000,"Action, Adventure, Drama",1872906,"2000-05-05","Ridley Scott"
tt0234215,7,2005-06-27,"The Matrix Reloaded","The Matrix Reloaded",https://www.imdb.com/title/tt0234215,Movie,7.2,138,2003,"Action, Sci-Fi",674862,"2003-05-15","Lana Wachowski,Lilly Wachowski"
tt0242653,2,2005-06-27,"The Matrix Revolutions","The Matrix Revolutions",https://www.imdb.com/title/tt0242653,Movie,6.7,129,2003,"Action, Sci-Fi",578719,"2003-11-05","Lana Wachowski,Lilly Wachowski"
